AMZN,2024-12-31,Tax Effect Of Unusual Items,-246971244.935436
AMZN,2024-12-31,Tax Rate For Calcs,0.135031
AMZN,2024-12-31,Normalized EBITDA,125644000000.0
AMZN,2024-12-31,Total Unusual Items,-1829000000.0
AMZN,2024-12-31,Total Unusual Items Excluding Goodwill,-1829000000.0
AMZN,2024-12-31,Net Income From Continuing Operation Net Minority Interest,59248000000.0
AMZN,2024-12-31,Reconciled Depreciation,52795000000.0
AMZN,2024-12-31,Reconciled Cost Of Revenue,513337000000.0
AMZN,2024-12-31,EBITDA,123815000000.0
AMZN,2024-12-31,EBIT,71020000000.0
AMZN,2024-12-31,Net Interest Income,2271000000.0
AMZN,2024-12-31,Interest Expense,2406000000.0
AMZN,2024-12-31,Interest Income,4677000000.0
AMZN,2024-12-31,Normalized Income,60830028755.06457
AMZN,2024-12-31,Net Income From Continuing And Discontinued Operation,59248000000.0
AMZN,2024-12-31,Total Expenses,569366000000.0
AMZN,2024-12-31,Total Operating Income As Reported,68593000000.0
AMZN,2024-12-31,Diluted Average Shares,N/A
AMZN,2024-12-31,Basic Average Shares,N/A
AMZN,2024-12-31,Diluted EPS,N/A
AMZN,2024-12-31,Basic EPS,N/A
AMZN,2024-12-31,Diluted NI Availto Com Stockholders,59248000000.0
AMZN,2024-12-31,Net Income Common Stockholders,59248000000.0
AMZN,2024-12-31,Net Income,59248000000.0
AMZN,2024-12-31,Net Income Including Noncontrolling Interests,59248000000.0
AMZN,2024-12-31,Net Income Continuous Operations,59248000000.0
AMZN,2024-12-31,Earnings From Equity Interest Net Of Tax,-101000000.0
AMZN,2024-12-31,Tax Provision,9265000000.0
AMZN,2024-12-31,Pretax Income,68614000000.0
AMZN,2024-12-31,Other Income Expense,-2250000000.0
AMZN,2024-12-31,Other Non Operating Income Expenses,-421000000.0
AMZN,2024-12-31,Gain On Sale Of Security,-1829000000.0
AMZN,2024-12-31,Net Non Operating Interest Income Expense,2271000000.0
AMZN,2024-12-31,Interest Expense Non Operating,2406000000.0
AMZN,2024-12-31,Interest Income Non Operating,4677000000.0
AMZN,2024-12-31,Operating Income,68593000000.0
AMZN,2024-12-31,Operating Expense,56029000000.0
AMZN,2024-12-31,Other Operating Expenses,763000000.0
AMZN,2024-12-31,Research And Development,N/A
AMZN,2024-12-31,Selling General And Administration,55266000000.0
AMZN,2024-12-31,Selling And Marketing Expense,43907000000.0
AMZN,2024-12-31,General And Administrative Expense,11359000000.0
AMZN,2024-12-31,Other Gand A,11359000000.0
AMZN,2024-12-31,Gross Profit,124622000000.0
AMZN,2024-12-31,Cost Of Revenue,513337000000.0
AMZN,2024-12-31,Total Revenue,637959000000.0
AMZN,2024-12-31,Operating Revenue,637959000000.0
AMZN,2023-12-31,Tax Effect Of Unusual Items,211380035.679101
AMZN,2023-12-31,Tax Rate For Calcs,0.189579
AMZN,2023-12-31,Normalized EBITDA,88287000000.0
AMZN,2023-12-31,Total Unusual Items,1115000000.0
AMZN,2023-12-31,Total Unusual Items Excluding Goodwill,1115000000.0
AMZN,2023-12-31,Net Income From Continuing Operation Net Minority Interest,30425000000.0
AMZN,2023-12-31,Reconciled Depreciation,48663000000.0
AMZN,2023-12-31,Reconciled Cost Of Revenue,480980000000.0
AMZN,2023-12-31,EBITDA,89402000000.0
AMZN,2023-12-31,EBIT,40739000000.0
AMZN,2023-12-31,Net Interest Income,-233000000.0
AMZN,2023-12-31,Interest Expense,3182000000.0
AMZN,2023-12-31,Interest Income,2949000000.0
AMZN,2023-12-31,Normalized Income,29521380035.6791
AMZN,2023-12-31,Net Income From Continuing And Discontinued Operation,30425000000.0
AMZN,2023-12-31,Total Expenses,537933000000.0
AMZN,2023-12-31,Total Operating Income As Reported,36852000000.0
AMZN,2023-12-31,Diluted Average Shares,10492000000.0
AMZN,2023-12-31,Basic Average Shares,10304000000.0
AMZN,2023-12-31,Diluted EPS,2.9
AMZN,2023-12-31,Basic EPS,2.95
AMZN,2023-12-31,Diluted NI Availto Com Stockholders,30425000000.0
AMZN,2023-12-31,Net Income Common Stockholders,30425000000.0
AMZN,2023-12-31,Net Income,30425000000.0
AMZN,2023-12-31,Net Income Including Noncontrolling Interests,30425000000.0
AMZN,2023-12-31,Net Income Continuous Operations,30425000000.0
AMZN,2023-12-31,Earnings From Equity Interest Net Of Tax,-12000000.0
AMZN,2023-12-31,Tax Provision,7120000000.0
AMZN,2023-12-31,Pretax Income,37557000000.0
AMZN,2023-12-31,Other Income Expense,938000000.0
AMZN,2023-12-31,Other Non Operating Income Expenses,-177000000.0
AMZN,2023-12-31,Gain On Sale Of Security,1115000000.0
AMZN,2023-12-31,Net Non Operating Interest Income Expense,-233000000.0
AMZN,2023-12-31,Interest Expense Non Operating,3182000000.0
AMZN,2023-12-31,Interest Income Non Operating,2949000000.0
AMZN,2023-12-31,Operating Income,36852000000.0
AMZN,2023-12-31,Operating Expense,56953000000.0
AMZN,2023-12-31,Other Operating Expenses,767000000.0
AMZN,2023-12-31,Research And Development,N/A
AMZN,2023-12-31,Selling General And Administration,56186000000.0
AMZN,2023-12-31,Selling And Marketing Expense,44370000000.0
AMZN,2023-12-31,General And Administrative Expense,11816000000.0
AMZN,2023-12-31,Other Gand A,11816000000.0
AMZN,2023-12-31,Gross Profit,93805000000.0
AMZN,2023-12-31,Cost Of Revenue,480980000000.0
AMZN,2023-12-31,Total Revenue,574785000000.0
AMZN,2023-12-31,Operating Revenue,574785000000.0
AMZN,2022-12-31,Tax Effect Of Unusual Items,-3415860000.0
AMZN,2022-12-31,Tax Rate For Calcs,0.21
AMZN,2022-12-31,Normalized EBITDA,54618000000.0
AMZN,2022-12-31,Total Unusual Items,-16266000000.0
AMZN,2022-12-31,Total Unusual Items Excluding Goodwill,-16266000000.0
AMZN,2022-12-31,Net Income From Continuing Operation Net Minority Interest,-2722000000.0
AMZN,2022-12-31,Reconciled Depreciation,41921000000.0
AMZN,2022-12-31,Reconciled Cost Of Revenue,446343000000.0
AMZN,2022-12-31,EBITDA,38352000000.0
AMZN,2022-12-31,EBIT,-3569000000.0
AMZN,2022-12-31,Net Interest Income,-1378000000.0
AMZN,2022-12-31,Interest Expense,2367000000.0
AMZN,2022-12-31,Interest Income,989000000.0
AMZN,2022-12-31,Normalized Income,10128140000.0
AMZN,2022-12-31,Net Income From Continuing And Discontinued Operation,-2722000000.0
AMZN,2022-12-31,Total Expenses,501735000000.0
AMZN,2022-12-31,Total Operating Income As Reported,12248000000.0
AMZN,2022-12-31,Diluted Average Shares,10189000000.0
AMZN,2022-12-31,Basic Average Shares,10189000000.0
AMZN,2022-12-31,Diluted EPS,-0.27
AMZN,2022-12-31,Basic EPS,-0.27
AMZN,2022-12-31,Diluted NI Availto Com Stockholders,-2722000000.0
AMZN,2022-12-31,Net Income Common Stockholders,-2722000000.0
AMZN,2022-12-31,Net Income,-2722000000.0
AMZN,2022-12-31,Net Income Including Noncontrolling Interests,-2722000000.0
AMZN,2022-12-31,Net Income Continuous Operations,-2722000000.0
AMZN,2022-12-31,Earnings From Equity Interest Net Of Tax,-3000000.0
AMZN,2022-12-31,Tax Provision,-3217000000.0
AMZN,2022-12-31,Pretax Income,-5936000000.0
AMZN,2022-12-31,Other Income Expense,-16806000000.0
AMZN,2022-12-31,Other Non Operating Income Expenses,-540000000.0
AMZN,2022-12-31,Gain On Sale Of Security,-16266000000.0
AMZN,2022-12-31,Net Non Operating Interest Income Expense,-1378000000.0
AMZN,2022-12-31,Interest Expense Non Operating,2367000000.0
AMZN,2022-12-31,Interest Income Non Operating,989000000.0
AMZN,2022-12-31,Operating Income,12248000000.0
AMZN,2022-12-31,Operating Expense,55392000000.0
AMZN,2022-12-31,Other Operating Expenses,1263000000.0
AMZN,2022-12-31,Research And Development,N/A
AMZN,2022-12-31,Selling General And Administration,54129000000.0
AMZN,2022-12-31,Selling And Marketing Expense,42238000000.0
AMZN,2022-12-31,General And Administrative Expense,11891000000.0
AMZN,2022-12-31,Other Gand A,11891000000.0
AMZN,2022-12-31,Gross Profit,67640000000.0
AMZN,2022-12-31,Cost Of Revenue,446343000000.0
AMZN,2022-12-31,Total Revenue,513983000000.0
AMZN,2022-12-31,Operating Revenue,513983000000.0
AMZN,2021-12-31,Tax Effect Of Unusual Items,1839997169.143666
AMZN,2021-12-31,Tax Rate For Calcs,0.12558
AMZN,2021-12-31,Normalized EBITDA,59741000000.0
AMZN,2021-12-31,Total Unusual Items,14652000000.0
AMZN,2021-12-31,Total Unusual Items Excluding Goodwill,14652000000.0
AMZN,2021-12-31,Net Income From Continuing Operation Net Minority Interest,33364000000.0
AMZN,2021-12-31,Reconciled Depreciation,34433000000.0
AMZN,2021-12-31,Reconciled Cost Of Revenue,403507000000.0
AMZN,2021-12-31,EBITDA,74393000000.0
AMZN,2021-12-31,EBIT,39960000000.0
AMZN,2021-12-31,Net Interest Income,-1361000000.0
AMZN,2021-12-31,Interest Expense,1809000000.0
AMZN,2021-12-31,Interest Income,448000000.0
AMZN,2021-12-31,Normalized Income,20551997169.143665
AMZN,2021-12-31,Net Income From Continuing And Discontinued Operation,33364000000.0
AMZN,2021-12-31,Total Expenses,444943000000.0
AMZN,2021-12-31,Total Operating Income As Reported,24879000000.0
AMZN,2021-12-31,Diluted Average Shares,10300000000.0
AMZN,2021-12-31,Basic Average Shares,10120000000.0
AMZN,2021-12-31,Diluted EPS,3.2405
AMZN,2021-12-31,Basic EPS,3.298
AMZN,2021-12-31,Diluted NI Availto Com Stockholders,33364000000.0
AMZN,2021-12-31,Net Income Common Stockholders,33364000000.0
AMZN,2021-12-31,Net Income,33364000000.0
AMZN,2021-12-31,Net Income Including Noncontrolling Interests,33364000000.0
AMZN,2021-12-31,Net Income Continuous Operations,33364000000.0
AMZN,2021-12-31,Earnings From Equity Interest Net Of Tax,4000000.0
AMZN,2021-12-31,Tax Provision,4791000000.0
AMZN,2021-12-31,Pretax Income,38151000000.0
AMZN,2021-12-31,Other Income Expense,14633000000.0
AMZN,2021-12-31,Other Non Operating Income Expenses,-19000000.0
AMZN,2021-12-31,Gain On Sale Of Security,14652000000.0
AMZN,2021-12-31,Net Non Operating Interest Income Expense,-1361000000.0
AMZN,2021-12-31,Interest Expense Non Operating,1809000000.0
AMZN,2021-12-31,Interest Income Non Operating,448000000.0
AMZN,2021-12-31,Operating Income,24879000000.0
AMZN,2021-12-31,Operating Expense,41436000000.0
AMZN,2021-12-31,Other Operating Expenses,62000000.0
AMZN,2021-12-31,Research And Development,N/A
AMZN,2021-12-31,Selling General And Administration,41374000000.0
AMZN,2021-12-31,Selling And Marketing Expense,32551000000.0
AMZN,2021-12-31,General And Administrative Expense,8823000000.0
AMZN,2021-12-31,Other Gand A,8823000000.0
AMZN,2021-12-31,Gross Profit,66315000000.0
AMZN,2021-12-31,Cost Of Revenue,403507000000.0
AMZN,2021-12-31,Total Revenue,469822000000.0
AMZN,2021-12-31,Operating Revenue,469822000000.0
AMZN,2020-12-31,Tax Effect Of Unusual Items,N/A
AMZN,2020-12-31,Tax Rate For Calcs,N/A
AMZN,2020-12-31,Normalized EBITDA,N/A
AMZN,2020-12-31,Total Unusual Items,N/A
AMZN,2020-12-31,Total Unusual Items Excluding Goodwill,N/A
AMZN,2020-12-31,Net Income From Continuing Operation Net Minority Interest,N/A
AMZN,2020-12-31,Reconciled Depreciation,N/A
AMZN,2020-12-31,Reconciled Cost Of Revenue,N/A
AMZN,2020-12-31,EBITDA,N/A
AMZN,2020-12-31,EBIT,N/A
AMZN,2020-12-31,Net Interest Income,N/A
AMZN,2020-12-31,Interest Expense,N/A
AMZN,2020-12-31,Interest Income,N/A
AMZN,2020-12-31,Normalized Income,N/A
AMZN,2020-12-31,Net Income From Continuing And Discontinued Operation,N/A
AMZN,2020-12-31,Total Expenses,N/A
AMZN,2020-12-31,Total Operating Income As Reported,N/A
AMZN,2020-12-31,Diluted Average Shares,10200000000.0
AMZN,2020-12-31,Basic Average Shares,10000000000.0
AMZN,2020-12-31,Diluted EPS,2.0915
AMZN,2020-12-31,Basic EPS,2.132
AMZN,2020-12-31,Diluted NI Availto Com Stockholders,N/A
AMZN,2020-12-31,Net Income Common Stockholders,N/A
AMZN,2020-12-31,Net Income,N/A
AMZN,2020-12-31,Net Income Including Noncontrolling Interests,N/A
AMZN,2020-12-31,Net Income Continuous Operations,N/A
AMZN,2020-12-31,Earnings From Equity Interest Net Of Tax,N/A
AMZN,2020-12-31,Tax Provision,N/A
AMZN,2020-12-31,Pretax Income,N/A
AMZN,2020-12-31,Other Income Expense,N/A
AMZN,2020-12-31,Other Non Operating Income Expenses,N/A
AMZN,2020-12-31,Gain On Sale Of Security,N/A
AMZN,2020-12-31,Net Non Operating Interest Income Expense,N/A
AMZN,2020-12-31,Interest Expense Non Operating,N/A
AMZN,2020-12-31,Interest Income Non Operating,N/A
AMZN,2020-12-31,Operating Income,N/A
AMZN,2020-12-31,Operating Expense,N/A
AMZN,2020-12-31,Other Operating Expenses,N/A
AMZN,2020-12-31,Research And Development,42740000000.0
AMZN,2020-12-31,Selling General And Administration,N/A
AMZN,2020-12-31,Selling And Marketing Expense,N/A
AMZN,2020-12-31,General And Administrative Expense,N/A
AMZN,2020-12-31,Other Gand A,N/A
AMZN,2020-12-31,Gross Profit,N/A
AMZN,2020-12-31,Cost Of Revenue,N/A
AMZN,2020-12-31,Total Revenue,N/A
AMZN,2020-12-31,Operating Revenue,N/A
AMZN,N/A,Market Cap,2459724939264
AMZN,N/A,PE Ratio,41.971046
AMZN,N/A,Dividends Paid,N/A
AMZN,N/A,Operating Cash Flow,112706002944
AVGO,2024-10-31,Tax Effect Of Unusual Items,-584010000.0
AVGO,2024-10-31,Tax Rate For Calcs,0.378
AVGO,2024-10-31,Normalized EBITDA,25424000000.0
AVGO,2024-10-31,Total Unusual Items,-1545000000.0
AVGO,2024-10-31,Total Unusual Items Excluding Goodwill,-1545000000.0
AVGO,2024-10-31,Net Income From Continuing Operation Net Minority Interest,6168000000.0
AVGO,2024-10-31,Reconciled Depreciation,10010000000.0
AVGO,2024-10-31,Reconciled Cost Of Revenue,12299000000.0
AVGO,2024-10-31,EBITDA,23879000000.0
AVGO,2024-10-31,EBIT,13869000000.0
AVGO,2024-10-31,Net Interest Income,-3492000000.0
AVGO,2024-10-31,Interest Expense,3953000000.0
AVGO,2024-10-31,Interest Income,461000000.0
AVGO,2024-10-31,Normalized Income,7128990000.0
AVGO,2024-10-31,Net Income From Continuing And Discontinued Operation,5895000000.0
AVGO,2024-10-31,Total Expenses,36578000000.0
AVGO,2024-10-31,Total Operating Income As Reported,13463000000.0
AVGO,2024-10-31,Diluted Average Shares,4778000000.0
AVGO,2024-10-31,Basic Average Shares,4624000000.0
AVGO,2024-10-31,Diluted EPS,1.23
AVGO,2024-10-31,Basic EPS,1.27
AVGO,2024-10-31,Diluted NI Availto Com Stockholders,5895000000.0
AVGO,2024-10-31,Net Income Common Stockholders,5895000000.0
AVGO,2024-10-31,Preferred Stock Dividends,N/A
AVGO,2024-10-31,Net Income,5895000000.0
AVGO,2024-10-31,Minority Interests,N/A
AVGO,2024-10-31,Net Income Including Noncontrolling Interests,5895000000.0
AVGO,2024-10-31,Net Income Discontinuous Operations,-273000000.0
AVGO,2024-10-31,Net Income Continuous Operations,6168000000.0
AVGO,2024-10-31,Tax Provision,3748000000.0
AVGO,2024-10-31,Pretax Income,9916000000.0
AVGO,2024-10-31,Other Income Expense,-1588000000.0
AVGO,2024-10-31,Other Non Operating Income Expenses,-43000000.0
AVGO,2024-10-31,Special Income Charges,-1533000000.0
AVGO,2024-10-31,Other Special Charges,N/A
AVGO,2024-10-31,Write Off,N/A
AVGO,2024-10-31,Restructuring And Mergern Acquisition,1533000000.0
AVGO,2024-10-31,Gain On Sale Of Security,-12000000.0
AVGO,2024-10-31,Net Non Operating Interest Income Expense,-3492000000.0
AVGO,2024-10-31,Interest Expense Non Operating,3953000000.0
AVGO,2024-10-31,Interest Income Non Operating,461000000.0
AVGO,2024-10-31,Operating Income,14996000000.0
AVGO,2024-10-31,Operating Expense,17513000000.0
AVGO,2024-10-31,Depreciation Amortization Depletion Income Statement,3244000000.0
AVGO,2024-10-31,Depreciation And Amortization In Income Statement,3244000000.0
AVGO,2024-10-31,Amortization,3244000000.0
AVGO,2024-10-31,Amortization Of Intangibles Income Statement,3244000000.0
AVGO,2024-10-31,Research And Development,9310000000.0
AVGO,2024-10-31,Selling General And Administration,4959000000.0
AVGO,2024-10-31,Gross Profit,32509000000.0
AVGO,2024-10-31,Cost Of Revenue,19065000000.0
AVGO,2024-10-31,Total Revenue,51574000000.0
AVGO,2024-10-31,Operating Revenue,51574000000.0
AVGO,2023-10-31,Tax Effect Of Unusual Items,-15611000.0
AVGO,2023-10-31,Tax Rate For Calcs,0.067
AVGO,2023-10-31,Normalized EBITDA,20787000000.0
AVGO,2023-10-31,Total Unusual Items,-233000000.0
AVGO,2023-10-31,Total Unusual Items Excluding Goodwill,-233000000.0
AVGO,2023-10-31,Net Income From Continuing Operation Net Minority Interest,14082000000.0
AVGO,2023-10-31,Reconciled Depreciation,3835000000.0
AVGO,2023-10-31,Reconciled Cost Of Revenue,8688000000.0
AVGO,2023-10-31,EBITDA,20554000000.0
AVGO,2023-10-31,EBIT,16719000000.0
AVGO,2023-10-31,Net Interest Income,-1087000000.0
AVGO,2023-10-31,Interest Expense,1622000000.0
AVGO,2023-10-31,Interest Income,535000000.0
AVGO,2023-10-31,Normalized Income,14299389000.0
AVGO,2023-10-31,Net Income From Continuing And Discontinued Operation,14082000000.0
AVGO,2023-10-31,Total Expenses,19368000000.0
AVGO,2023-10-31,Total Operating Income As Reported,16207000000.0
AVGO,2023-10-31,Diluted Average Shares,4272000000.0
AVGO,2023-10-31,Basic Average Shares,4149000000.0
AVGO,2023-10-31,Diluted EPS,3.3
AVGO,2023-10-31,Basic EPS,3.39
AVGO,2023-10-31,Diluted NI Availto Com Stockholders,14082000000.0
AVGO,2023-10-31,Net Income Common Stockholders,14082000000.0
AVGO,2023-10-31,Preferred Stock Dividends,N/A
AVGO,2023-10-31,Net Income,14082000000.0
AVGO,2023-10-31,Minority Interests,N/A
AVGO,2023-10-31,Net Income Including Noncontrolling Interests,14082000000.0
AVGO,2023-10-31,Net Income Discontinuous Operations,0.0
AVGO,2023-10-31,Net Income Continuous Operations,14082000000.0
AVGO,2023-10-31,Tax Provision,1015000000.0
AVGO,2023-10-31,Pretax Income,15097000000.0
AVGO,2023-10-31,Other Income Expense,-267000000.0
AVGO,2023-10-31,Other Non Operating Income Expenses,-34000000.0
AVGO,2023-10-31,Special Income Charges,-244000000.0
AVGO,2023-10-31,Other Special Charges,N/A
AVGO,2023-10-31,Write Off,N/A
AVGO,2023-10-31,Restructuring And Mergern Acquisition,244000000.0
AVGO,2023-10-31,Gain On Sale Of Security,11000000.0
AVGO,2023-10-31,Net Non Operating Interest Income Expense,-1087000000.0
AVGO,2023-10-31,Interest Expense Non Operating,1622000000.0
AVGO,2023-10-31,Interest Income Non Operating,535000000.0
AVGO,2023-10-31,Operating Income,16451000000.0
AVGO,2023-10-31,Operating Expense,8239000000.0
AVGO,2023-10-31,Depreciation Amortization Depletion Income Statement,1394000000.0
AVGO,2023-10-31,Depreciation And Amortization In Income Statement,1394000000.0
AVGO,2023-10-31,Amortization,1394000000.0
AVGO,2023-10-31,Amortization Of Intangibles Income Statement,1394000000.0
AVGO,2023-10-31,Research And Development,5253000000.0
AVGO,2023-10-31,Selling General And Administration,1592000000.0
AVGO,2023-10-31,Gross Profit,24690000000.0
AVGO,2023-10-31,Cost Of Revenue,11129000000.0
AVGO,2023-10-31,Total Revenue,35819000000.0
AVGO,2023-10-31,Operating Revenue,35819000000.0
AVGO,2022-10-31,Tax Effect Of Unusual Items,-16950000.0
AVGO,2022-10-31,Tax Rate For Calcs,0.075
AVGO,2022-10-31,Normalized EBITDA,19381000000.0
AVGO,2022-10-31,Total Unusual Items,-226000000.0
AVGO,2022-10-31,Total Unusual Items Excluding Goodwill,-226000000.0
AVGO,2022-10-31,Net Income From Continuing Operation Net Minority Interest,11495000000.0
AVGO,2022-10-31,Reconciled Depreciation,4984000000.0
AVGO,2022-10-31,Reconciled Cost Of Revenue,7636000000.0
AVGO,2022-10-31,EBITDA,19155000000.0
AVGO,2022-10-31,EBIT,14171000000.0
AVGO,2022-10-31,Net Interest Income,-1637000000.0
AVGO,2022-10-31,Interest Expense,1737000000.0
AVGO,2022-10-31,Interest Income,100000000.0
AVGO,2022-10-31,Normalized Income,11704050000.0
AVGO,2022-10-31,Net Income From Continuing And Discontinued Operation,11495000000.0
AVGO,2022-10-31,Total Expenses,18921000000.0
AVGO,2022-10-31,Total Operating Income As Reported,14225000000.0
AVGO,2022-10-31,Diluted Average Shares,4232000000.0
AVGO,2022-10-31,Basic Average Shares,4089000000.0
AVGO,2022-10-31,Diluted EPS,2.65
AVGO,2022-10-31,Basic EPS,2.74
AVGO,2022-10-31,Diluted NI Availto Com Stockholders,11223000000.0
AVGO,2022-10-31,Net Income Common Stockholders,11223000000.0
AVGO,2022-10-31,Preferred Stock Dividends,272000000.0
AVGO,2022-10-31,Net Income,11495000000.0
AVGO,2022-10-31,Minority Interests,N/A
AVGO,2022-10-31,Net Income Including Noncontrolling Interests,11495000000.0
AVGO,2022-10-31,Net Income Discontinuous Operations,0.0
AVGO,2022-10-31,Net Income Continuous Operations,11495000000.0
AVGO,2022-10-31,Tax Provision,939000000.0
AVGO,2022-10-31,Pretax Income,12434000000.0
AVGO,2022-10-31,Other Income Expense,-211000000.0
AVGO,2022-10-31,Other Non Operating Income Expenses,15000000.0
AVGO,2022-10-31,Special Income Charges,-57000000.0
AVGO,2022-10-31,Other Special Charges,N/A
AVGO,2022-10-31,Write Off,N/A
AVGO,2022-10-31,Restructuring And Mergern Acquisition,57000000.0
AVGO,2022-10-31,Gain On Sale Of Security,-169000000.0
AVGO,2022-10-31,Net Non Operating Interest Income Expense,-1637000000.0
AVGO,2022-10-31,Interest Expense Non Operating,1737000000.0
AVGO,2022-10-31,Interest Income Non Operating,100000000.0
AVGO,2022-10-31,Operating Income,14282000000.0
AVGO,2022-10-31,Operating Expense,7813000000.0
AVGO,2022-10-31,Depreciation Amortization Depletion Income Statement,1512000000.0
AVGO,2022-10-31,Depreciation And Amortization In Income Statement,1512000000.0
AVGO,2022-10-31,Amortization,1512000000.0
AVGO,2022-10-31,Amortization Of Intangibles Income Statement,1512000000.0
AVGO,2022-10-31,Research And Development,4919000000.0
AVGO,2022-10-31,Selling General And Administration,1382000000.0
AVGO,2022-10-31,Gross Profit,22095000000.0
AVGO,2022-10-31,Cost Of Revenue,11108000000.0
AVGO,2022-10-31,Total Revenue,33203000000.0
AVGO,2022-10-31,Operating Revenue,33203000000.0
AVGO,2021-10-31,Tax Effect Of Unusual Items,-196000.0
AVGO,2021-10-31,Tax Rate For Calcs,0.004
AVGO,2021-10-31,Normalized EBITDA,14740000000.0
AVGO,2021-10-31,Total Unusual Items,-49000000.0
AVGO,2021-10-31,Total Unusual Items Excluding Goodwill,-49000000.0
AVGO,2021-10-31,Net Income From Continuing Operation Net Minority Interest,6736000000.0
AVGO,2021-10-31,Reconciled Depreciation,6041000000.0
AVGO,2021-10-31,Reconciled Cost Of Revenue,6541000000.0
AVGO,2021-10-31,EBITDA,14691000000.0
AVGO,2021-10-31,EBIT,8650000000.0
AVGO,2021-10-31,Net Interest Income,-1869000000.0
AVGO,2021-10-31,Interest Expense,1885000000.0
AVGO,2021-10-31,Interest Income,16000000.0
AVGO,2021-10-31,Normalized Income,6784804000.0
AVGO,2021-10-31,Net Income From Continuing And Discontinued Operation,6736000000.0
AVGO,2021-10-31,Total Expenses,18783000000.0
AVGO,2021-10-31,Total Operating Income As Reported,8519000000.0
AVGO,2021-10-31,Diluted Average Shares,4300751793.0
AVGO,2021-10-31,Basic Average Shares,4110275607.0
AVGO,2021-10-31,Diluted EPS,1.49625
AVGO,2021-10-31,Basic EPS,1.566075
AVGO,2021-10-31,Diluted NI Availto Com Stockholders,6437000000.0
AVGO,2021-10-31,Net Income Common Stockholders,6437000000.0
AVGO,2021-10-31,Preferred Stock Dividends,299000000.0
AVGO,2021-10-31,Net Income,6736000000.0
AVGO,2021-10-31,Minority Interests,N/A
AVGO,2021-10-31,Net Income Including Noncontrolling Interests,6736000000.0
AVGO,2021-10-31,Net Income Discontinuous Operations,0.0
AVGO,2021-10-31,Net Income Continuous Operations,6736000000.0
AVGO,2021-10-31,Tax Provision,29000000.0
AVGO,2021-10-31,Pretax Income,6765000000.0
AVGO,2021-10-31,Other Income Expense,-33000000.0
AVGO,2021-10-31,Other Non Operating Income Expenses,16000000.0
AVGO,2021-10-31,Special Income Charges,-148000000.0
AVGO,2021-10-31,Other Special Charges,N/A
AVGO,2021-10-31,Write Off,N/A
AVGO,2021-10-31,Restructuring And Mergern Acquisition,148000000.0
AVGO,2021-10-31,Gain On Sale Of Security,99000000.0
AVGO,2021-10-31,Net Non Operating Interest Income Expense,-1869000000.0
AVGO,2021-10-31,Interest Expense Non Operating,1885000000.0
AVGO,2021-10-31,Interest Income Non Operating,16000000.0
AVGO,2021-10-31,Operating Income,8667000000.0
AVGO,2021-10-31,Operating Expense,8177000000.0
AVGO,2021-10-31,Depreciation Amortization Depletion Income Statement,1976000000.0
AVGO,2021-10-31,Depreciation And Amortization In Income Statement,1976000000.0
AVGO,2021-10-31,Amortization,1976000000.0
AVGO,2021-10-31,Amortization Of Intangibles Income Statement,1976000000.0
AVGO,2021-10-31,Research And Development,4854000000.0
AVGO,2021-10-31,Selling General And Administration,1347000000.0
AVGO,2021-10-31,Gross Profit,16844000000.0
AVGO,2021-10-31,Cost Of Revenue,10606000000.0
AVGO,2021-10-31,Total Revenue,27450000000.0
AVGO,2021-10-31,Operating Revenue,27450000000.0
AVGO,2020-10-31,Tax Effect Of Unusual Items,N/A
AVGO,2020-10-31,Tax Rate For Calcs,N/A
AVGO,2020-10-31,Normalized EBITDA,N/A
AVGO,2020-10-31,Total Unusual Items,N/A
AVGO,2020-10-31,Total Unusual Items Excluding Goodwill,N/A
AVGO,2020-10-31,Net Income From Continuing Operation Net Minority Interest,N/A
AVGO,2020-10-31,Reconciled Depreciation,N/A
AVGO,2020-10-31,Reconciled Cost Of Revenue,N/A
AVGO,2020-10-31,EBITDA,N/A
AVGO,2020-10-31,EBIT,N/A
AVGO,2020-10-31,Net Interest Income,N/A
AVGO,2020-10-31,Interest Expense,N/A
AVGO,2020-10-31,Interest Income,N/A
AVGO,2020-10-31,Normalized Income,N/A
AVGO,2020-10-31,Net Income From Continuing And Discontinued Operation,N/A
AVGO,2020-10-31,Total Expenses,N/A
AVGO,2020-10-31,Total Operating Income As Reported,N/A
AVGO,2020-10-31,Diluted Average Shares,N/A
AVGO,2020-10-31,Basic Average Shares,N/A
AVGO,2020-10-31,Diluted EPS,N/A
AVGO,2020-10-31,Basic EPS,N/A
AVGO,2020-10-31,Diluted NI Availto Com Stockholders,N/A
AVGO,2020-10-31,Net Income Common Stockholders,N/A
AVGO,2020-10-31,Preferred Stock Dividends,297000000.0
AVGO,2020-10-31,Net Income,N/A
AVGO,2020-10-31,Minority Interests,0.0
AVGO,2020-10-31,Net Income Including Noncontrolling Interests,N/A
AVGO,2020-10-31,Net Income Discontinuous Operations,N/A
AVGO,2020-10-31,Net Income Continuous Operations,N/A
AVGO,2020-10-31,Tax Provision,N/A
AVGO,2020-10-31,Pretax Income,N/A
AVGO,2020-10-31,Other Income Expense,N/A
AVGO,2020-10-31,Other Non Operating Income Expenses,N/A
AVGO,2020-10-31,Special Income Charges,N/A
AVGO,2020-10-31,Other Special Charges,-116000000.0
AVGO,2020-10-31,Write Off,0.0
AVGO,2020-10-31,Restructuring And Mergern Acquisition,N/A
AVGO,2020-10-31,Gain On Sale Of Security,N/A
AVGO,2020-10-31,Net Non Operating Interest Income Expense,N/A
AVGO,2020-10-31,Interest Expense Non Operating,N/A
AVGO,2020-10-31,Interest Income Non Operating,N/A
AVGO,2020-10-31,Operating Income,N/A
AVGO,2020-10-31,Operating Expense,N/A
AVGO,2020-10-31,Depreciation Amortization Depletion Income Statement,N/A
AVGO,2020-10-31,Depreciation And Amortization In Income Statement,N/A
AVGO,2020-10-31,Amortization,N/A
AVGO,2020-10-31,Amortization Of Intangibles Income Statement,N/A
AVGO,2020-10-31,Research And Development,N/A
AVGO,2020-10-31,Selling General And Administration,N/A
AVGO,2020-10-31,Gross Profit,N/A
AVGO,2020-10-31,Cost Of Revenue,N/A
AVGO,2020-10-31,Total Revenue,N/A
AVGO,2020-10-31,Operating Revenue,N/A
AVGO,N/A,Market Cap,1112872976384
AVGO,N/A,PE Ratio,184.04651
AVGO,N/A,Dividends Paid,12.065999999999999
AVGO,N/A,Operating Cash Flow,19185999872
BLK,2023-12-31,Tax Effect Of Unusual Items,135892000.0
BLK,2023-12-31,Tax Rate For Calcs,0.212
BLK,2023-12-31,Normalized EBITDA,7233000000.0
BLK,2023-12-31,Total Unusual Items,641000000.0
BLK,2023-12-31,Total Unusual Items Excluding Goodwill,641000000.0
BLK,2023-12-31,Net Income From Continuing Operation Net Minority Interest,5502000000.0
BLK,2023-12-31,Reconciled Depreciation,427000000.0
BLK,2023-12-31,Reconciled Cost Of Revenue,9236000000.0
BLK,2023-12-31,EBITDA,7874000000.0
BLK,2023-12-31,EBIT,7447000000.0
BLK,2023-12-31,Net Interest Income,181000000.0
BLK,2023-12-31,Interest Expense,292000000.0
BLK,2023-12-31,Interest Income,473000000.0
BLK,2023-12-31,Normalized Income,4996892000.0
BLK,2023-12-31,Net Income From Continuing And Discontinued Operation,5502000000.0
BLK,2023-12-31,Total Expenses,11526000000.0
BLK,2023-12-31,Rent Expense Supplemental,418000000.0
BLK,2023-12-31,Total Operating Income As Reported,6275000000.0
BLK,2023-12-31,Diluted Average Shares,150700000.0
BLK,2023-12-31,Basic Average Shares,149300000.0
BLK,2023-12-31,Diluted EPS,36.51
BLK,2023-12-31,Basic EPS,36.85
BLK,2023-12-31,Diluted NI Availto Com Stockholders,5502000000.0
BLK,2023-12-31,Net Income Common Stockholders,5502000000.0
BLK,2023-12-31,Net Income,5502000000.0
BLK,2023-12-31,Minority Interests,-174000000.0
BLK,2023-12-31,Net Income Including Noncontrolling Interests,5676000000.0
BLK,2023-12-31,Net Income Continuous Operations,5676000000.0
BLK,2023-12-31,Tax Provision,1479000000.0
BLK,2023-12-31,Pretax Income,7155000000.0
BLK,2023-12-31,Other Income Expense,641000000.0
BLK,2023-12-31,Special Income Charges,-64000000.0
BLK,2023-12-31,Other Special Charges,N/A
BLK,2023-12-31,Restructuring And Mergern Acquisition,64000000.0
BLK,2023-12-31,Gain On Sale Of Security,705000000.0
BLK,2023-12-31,Net Non Operating Interest Income Expense,181000000.0
BLK,2023-12-31,Interest Expense Non Operating,292000000.0
BLK,2023-12-31,Interest Income Non Operating,473000000.0
BLK,2023-12-31,Operating Income,6333000000.0
BLK,2023-12-31,Operating Expense,2014000000.0
BLK,2023-12-31,Depreciation Amortization Depletion Income Statement,151000000.0
BLK,2023-12-31,Depreciation And Amortization In Income Statement,151000000.0
BLK,2023-12-31,Amortization,151000000.0
BLK,2023-12-31,Amortization Of Intangibles Income Statement,151000000.0
BLK,2023-12-31,Selling General And Administration,1863000000.0
BLK,2023-12-31,Selling And Marketing Expense,344000000.0
BLK,2023-12-31,General And Administrative Expense,1519000000.0
BLK,2023-12-31,Other Gand A,1101000000.0
BLK,2023-12-31,Rent And Landing Fees,418000000.0
BLK,2023-12-31,Gross Profit,8347000000.0
BLK,2023-12-31,Cost Of Revenue,9512000000.0
BLK,2023-12-31,Total Revenue,17859000000.0
BLK,2023-12-31,Operating Revenue,17859000000.0
BLK,2022-12-31,Tax Effect Of Unusual Items,-27800000.0
BLK,2022-12-31,Tax Rate For Calcs,0.2
BLK,2022-12-31,Normalized EBITDA,7059000000.0
BLK,2022-12-31,Total Unusual Items,-139000000.0
BLK,2022-12-31,Total Unusual Items Excluding Goodwill,-139000000.0
BLK,2022-12-31,Net Income From Continuing Operation Net Minority Interest,5178000000.0
BLK,2022-12-31,Reconciled Depreciation,418000000.0
BLK,2022-12-31,Reconciled Cost Of Revenue,9179000000.0
BLK,2022-12-31,EBITDA,6920000000.0
BLK,2022-12-31,EBIT,6502000000.0
BLK,2022-12-31,Net Interest Income,-60000000.0
BLK,2022-12-31,Interest Expense,212000000.0
BLK,2022-12-31,Interest Income,152000000.0
BLK,2022-12-31,Normalized Income,5289200000.0
BLK,2022-12-31,Net Income From Continuing And Discontinued Operation,5178000000.0
BLK,2022-12-31,Total Expenses,11384000000.0
BLK,2022-12-31,Rent Expense Supplemental,403000000.0
BLK,2022-12-31,Total Operating Income As Reported,6385000000.0
BLK,2022-12-31,Diluted Average Shares,152440471.0
BLK,2022-12-31,Basic Average Shares,150921161.0
BLK,2022-12-31,Diluted EPS,33.97
BLK,2022-12-31,Basic EPS,34.31
BLK,2022-12-31,Diluted NI Availto Com Stockholders,5178000000.0
BLK,2022-12-31,Net Income Common Stockholders,5178000000.0
BLK,2022-12-31,Net Income,5178000000.0
BLK,2022-12-31,Minority Interests,184000000.0
BLK,2022-12-31,Net Income Including Noncontrolling Interests,4994000000.0
BLK,2022-12-31,Net Income Continuous Operations,4994000000.0
BLK,2022-12-31,Tax Provision,1296000000.0
BLK,2022-12-31,Pretax Income,6290000000.0
BLK,2022-12-31,Other Income Expense,-139000000.0
BLK,2022-12-31,Special Income Charges,-94000000.0
BLK,2022-12-31,Other Special Charges,N/A
BLK,2022-12-31,Restructuring And Mergern Acquisition,94000000.0
BLK,2022-12-31,Gain On Sale Of Security,-45000000.0
BLK,2022-12-31,Net Non Operating Interest Income Expense,-60000000.0
BLK,2022-12-31,Interest Expense Non Operating,212000000.0
BLK,2022-12-31,Interest Income Non Operating,152000000.0
BLK,2022-12-31,Operating Income,6489000000.0
BLK,2022-12-31,Operating Expense,1938000000.0
BLK,2022-12-31,Depreciation Amortization Depletion Income Statement,151000000.0
BLK,2022-12-31,Depreciation And Amortization In Income Statement,151000000.0
BLK,2022-12-31,Amortization,151000000.0
BLK,2022-12-31,Amortization Of Intangibles Income Statement,151000000.0
BLK,2022-12-31,Selling General And Administration,1787000000.0
BLK,2022-12-31,Selling And Marketing Expense,331000000.0
BLK,2022-12-31,General And Administrative Expense,1456000000.0
BLK,2022-12-31,Other Gand A,1053000000.0
BLK,2022-12-31,Rent And Landing Fees,403000000.0
BLK,2022-12-31,Gross Profit,8427000000.0
BLK,2022-12-31,Cost Of Revenue,9446000000.0
BLK,2022-12-31,Total Revenue,17873000000.0
BLK,2022-12-31,Operating Revenue,17873000000.0
BLK,2021-12-31,Tax Effect Of Unusual Items,193356662.18035
BLK,2021-12-31,Tax Rate For Calcs,0.240793
BLK,2021-12-31,Normalized EBITDA,7990000000.0
BLK,2021-12-31,Total Unusual Items,803000000.0
BLK,2021-12-31,Total Unusual Items Excluding Goodwill,803000000.0
BLK,2021-12-31,Net Income From Continuing Operation Net Minority Interest,5901000000.0
BLK,2021-12-31,Reconciled Depreciation,415000000.0
BLK,2021-12-31,Reconciled Cost Of Revenue,9650000000.0
BLK,2021-12-31,EBITDA,8793000000.0
BLK,2021-12-31,EBIT,8378000000.0
BLK,2021-12-31,Net Interest Income,-118000000.0
BLK,2021-12-31,Interest Expense,205000000.0
BLK,2021-12-31,Interest Income,87000000.0
BLK,2021-12-31,Normalized Income,5291356662.18035
BLK,2021-12-31,Net Income From Continuing And Discontinued Operation,5901000000.0
BLK,2021-12-31,Total Expenses,11886000000.0
BLK,2021-12-31,Rent Expense Supplemental,364000000.0
BLK,2021-12-31,Total Operating Income As Reported,7450000000.0
BLK,2021-12-31,Diluted Average Shares,155024453.0
BLK,2021-12-31,Basic Average Shares,152847435.0
BLK,2021-12-31,Diluted EPS,38.06712
BLK,2021-12-31,Basic EPS,38.60496
BLK,2021-12-31,Diluted NI Availto Com Stockholders,5901000000.0
BLK,2021-12-31,Net Income Common Stockholders,5901000000.0
BLK,2021-12-31,Net Income,5901000000.0
BLK,2021-12-31,Minority Interests,-304000000.0
BLK,2021-12-31,Net Income Including Noncontrolling Interests,6205000000.0
BLK,2021-12-31,Net Income Continuous Operations,6205000000.0
BLK,2021-12-31,Tax Provision,1968000000.0
BLK,2021-12-31,Pretax Income,8173000000.0
BLK,2021-12-31,Other Income Expense,803000000.0
BLK,2021-12-31,Special Income Charges,-34000000.0
BLK,2021-12-31,Other Special Charges,N/A
BLK,2021-12-31,Restructuring And Mergern Acquisition,34000000.0
BLK,2021-12-31,Gain On Sale Of Security,837000000.0
BLK,2021-12-31,Net Non Operating Interest Income Expense,-118000000.0
BLK,2021-12-31,Interest Expense Non Operating,205000000.0
BLK,2021-12-31,Interest Income Non Operating,87000000.0
BLK,2021-12-31,Operating Income,7488000000.0
BLK,2021-12-31,Operating Expense,1968000000.0
BLK,2021-12-31,Depreciation Amortization Depletion Income Statement,147000000.0
BLK,2021-12-31,Depreciation And Amortization In Income Statement,147000000.0
BLK,2021-12-31,Amortization,147000000.0
BLK,2021-12-31,Amortization Of Intangibles Income Statement,147000000.0
BLK,2021-12-31,Selling General And Administration,1821000000.0
BLK,2021-12-31,Selling And Marketing Expense,238000000.0
BLK,2021-12-31,General And Administrative Expense,1583000000.0
BLK,2021-12-31,Other Gand A,1219000000.0
BLK,2021-12-31,Rent And Landing Fees,364000000.0
BLK,2021-12-31,Gross Profit,9456000000.0
BLK,2021-12-31,Cost Of Revenue,9918000000.0
BLK,2021-12-31,Total Revenue,19374000000.0
BLK,2021-12-31,Operating Revenue,19374000000.0
BLK,2020-12-31,Tax Effect Of Unusual Items,70800000.0
BLK,2020-12-31,Tax Rate For Calcs,0.2
BLK,2020-12-31,Normalized EBITDA,6733000000.0
BLK,2020-12-31,Total Unusual Items,354000000.0
BLK,2020-12-31,Total Unusual Items Excluding Goodwill,354000000.0
BLK,2020-12-31,Net Income From Continuing Operation Net Minority Interest,4932000000.0
BLK,2020-12-31,Reconciled Depreciation,358000000.0
BLK,2020-12-31,Reconciled Cost Of Revenue,7970000000.0
BLK,2020-12-31,EBITDA,7087000000.0
BLK,2020-12-31,EBIT,6729000000.0
BLK,2020-12-31,Net Interest Income,-143000000.0
BLK,2020-12-31,Interest Expense,205000000.0
BLK,2020-12-31,Interest Income,62000000.0
BLK,2020-12-31,Normalized Income,4648800000.0
BLK,2020-12-31,Net Income From Continuing And Discontinued Operation,4932000000.0
BLK,2020-12-31,Total Expenses,9892000000.0
BLK,2020-12-31,Rent Expense Supplemental,319000000.0
BLK,2020-12-31,Total Operating Income As Reported,5695000000.0
BLK,2020-12-31,Diluted Average Shares,155462430.0
BLK,2020-12-31,Basic Average Shares,154105843.0
BLK,2020-12-31,Diluted EPS,31.7226
BLK,2020-12-31,Basic EPS,32.00148
BLK,2020-12-31,Diluted NI Availto Com Stockholders,4932000000.0
BLK,2020-12-31,Net Income Common Stockholders,4932000000.0
BLK,2020-12-31,Net Income,4932000000.0
BLK,2020-12-31,Minority Interests,-354000000.0
BLK,2020-12-31,Net Income Including Noncontrolling Interests,5286000000.0
BLK,2020-12-31,Net Income Continuous Operations,5286000000.0
BLK,2020-12-31,Tax Provision,1238000000.0
BLK,2020-12-31,Pretax Income,6524000000.0
BLK,2020-12-31,Other Income Expense,354000000.0
BLK,2020-12-31,Special Income Charges,-612000000.0
BLK,2020-12-31,Other Special Charges,589000000.0
BLK,2020-12-31,Restructuring And Mergern Acquisition,23000000.0
BLK,2020-12-31,Gain On Sale Of Security,966000000.0
BLK,2020-12-31,Net Non Operating Interest Income Expense,-143000000.0
BLK,2020-12-31,Interest Expense Non Operating,205000000.0
BLK,2020-12-31,Interest Income Non Operating,62000000.0
BLK,2020-12-31,Operating Income,6313000000.0
BLK,2020-12-31,Operating Expense,1670000000.0
BLK,2020-12-31,Depreciation Amortization Depletion Income Statement,106000000.0
BLK,2020-12-31,Depreciation And Amortization In Income Statement,106000000.0
BLK,2020-12-31,Amortization,106000000.0
BLK,2020-12-31,Amortization Of Intangibles Income Statement,106000000.0
BLK,2020-12-31,Selling General And Administration,1564000000.0
BLK,2020-12-31,Selling And Marketing Expense,229000000.0
BLK,2020-12-31,General And Administrative Expense,1335000000.0
BLK,2020-12-31,Other Gand A,1016000000.0
BLK,2020-12-31,Rent And Landing Fees,319000000.0
BLK,2020-12-31,Gross Profit,7983000000.0
BLK,2020-12-31,Cost Of Revenue,8222000000.0
BLK,2020-12-31,Total Revenue,16205000000.0
BLK,2020-12-31,Operating Revenue,16205000000.0
BLK,N/A,Market Cap,151788388352
BLK,N/A,PE Ratio,23.345522
BLK,N/A,Dividends Paid,187.19999999999996
BLK,N/A,Operating Cash Flow,4336000000
AMZN,2024-12-31,Tax Effect Of Unusual Items,-246971244.935436
BSX,2023-12-31,Tax Effect Of Unusual Items,-34452000.0
BSX,2023-12-31,Tax Rate For Calcs,0.198
BSX,2023-12-31,Normalized EBITDA,3620000000.0
BSX,2023-12-31,Total Unusual Items,-174000000.0
BSX,2023-12-31,Total Unusual Items Excluding Goodwill,-174000000.0
BSX,2023-12-31,Net Income From Continuing Operation Net Minority Interest,1593000000.0
BSX,2023-12-31,Reconciled Depreciation,1196000000.0
BSX,2023-12-31,Reconciled Cost Of Revenue,3977000000.0
BSX,2023-12-31,EBITDA,3446000000.0
BSX,2023-12-31,EBIT,2250000000.0
BSX,2023-12-31,Net Interest Income,-243000000.0
BSX,2023-12-31,Interest Expense,265000000.0
BSX,2023-12-31,Interest Income,22000000.0
BSX,2023-12-31,Normalized Income,1732548000.0
BSX,2023-12-31,Net Income From Continuing And Discontinued Operation,1593000000.0
BSX,2023-12-31,Total Expenses,11823000000.0
BSX,2023-12-31,Total Operating Income As Reported,2343000000.0
BSX,2023-12-31,Diluted Average Shares,1463500000.0
BSX,2023-12-31,Basic Average Shares,1453000000.0
BSX,2023-12-31,Diluted EPS,1.07
BSX,2023-12-31,Basic EPS,1.08
BSX,2023-12-31,Diluted NI Availto Com Stockholders,1570000000.0
BSX,2023-12-31,Net Income Common Stockholders,1570000000.0
BSX,2023-12-31,Preferred Stock Dividends,23000000.0
BSX,2023-12-31,Net Income,1593000000.0
BSX,2023-12-31,Minority Interests,1000000.0
BSX,2023-12-31,Net Income Including Noncontrolling Interests,1592000000.0
BSX,2023-12-31,Net Income Continuous Operations,1592000000.0
BSX,2023-12-31,Tax Provision,393000000.0
BSX,2023-12-31,Pretax Income,1985000000.0
BSX,2023-12-31,Other Income Expense,-188000000.0
BSX,2023-12-31,Other Non Operating Income Expenses,-14000000.0
BSX,2023-12-31,Special Income Charges,-74000000.0
BSX,2023-12-31,Gain On Sale Of Business,0.0
BSX,2023-12-31,Other Special Charges,-111000000.0
BSX,2023-12-31,Impairment Of Capital Assets,58000000.0
BSX,2023-12-31,Restructuring And Mergern Acquisition,127000000.0
BSX,2023-12-31,Gain On Sale Of Security,-100000000.0
BSX,2023-12-31,Net Non Operating Interest Income Expense,-243000000.0
BSX,2023-12-31,Interest Expense Non Operating,265000000.0
BSX,2023-12-31,Interest Income Non Operating,22000000.0
BSX,2023-12-31,Operating Income,2417000000.0
BSX,2023-12-31,Operating Expense,7478000000.0
BSX,2023-12-31,Other Operating Expenses,46000000.0
BSX,2023-12-31,Depreciation Amortization Depletion Income Statement,828000000.0
BSX,2023-12-31,Depreciation And Amortization In Income Statement,828000000.0
BSX,2023-12-31,Amortization,828000000.0
BSX,2023-12-31,Amortization Of Intangibles Income Statement,828000000.0
BSX,2023-12-31,Research And Development,1414000000.0
BSX,2023-12-31,Selling General And Administration,5190000000.0
BSX,2023-12-31,Gross Profit,9895000000.0
BSX,2023-12-31,Cost Of Revenue,4345000000.0
BSX,2023-12-31,Total Revenue,14240000000.0
BSX,2023-12-31,Operating Revenue,14240000000.0
BSX,2022-12-31,Tax Effect Of Unusual Items,-162602000.0
BSX,2022-12-31,Tax Rate For Calcs,0.389
BSX,2022-12-31,Normalized EBITDA,3165000000.0
BSX,2022-12-31,Total Unusual Items,-418000000.0
BSX,2022-12-31,Total Unusual Items Excluding Goodwill,-418000000.0
BSX,2022-12-31,Net Income From Continuing Operation Net Minority Interest,698000000.0
BSX,2022-12-31,Reconciled Depreciation,1136000000.0
BSX,2022-12-31,Reconciled Cost Of Revenue,3623000000.0
BSX,2022-12-31,EBITDA,2747000000.0
BSX,2022-12-31,EBIT,1611000000.0
BSX,2022-12-31,Net Interest Income,-460000000.0
BSX,2022-12-31,Interest Expense,470000000.0
BSX,2022-12-31,Interest Income,10000000.0
BSX,2022-12-31,Normalized Income,953398000.0
BSX,2022-12-31,Net Income From Continuing And Discontinued Operation,698000000.0
BSX,2022-12-31,Total Expenses,10649000000.0
BSX,2022-12-31,Total Operating Income As Reported,1649000000.0
BSX,2022-12-31,Diluted Average Shares,1439700000.0
BSX,2022-12-31,Basic Average Shares,1430500000.0
BSX,2022-12-31,Diluted EPS,0.45
BSX,2022-12-31,Basic EPS,0.45
BSX,2022-12-31,Diluted NI Availto Com Stockholders,642000000.0
BSX,2022-12-31,Net Income Common Stockholders,642000000.0
BSX,2022-12-31,Preferred Stock Dividends,55000000.0
BSX,2022-12-31,Net Income,698000000.0
BSX,2022-12-31,Minority Interests,0.0
BSX,2022-12-31,Net Income Including Noncontrolling Interests,698000000.0
BSX,2022-12-31,Net Income Continuous Operations,698000000.0
BSX,2022-12-31,Tax Provision,443000000.0
BSX,2022-12-31,Pretax Income,1141000000.0
BSX,2022-12-31,Other Income Expense,-434000000.0
BSX,2022-12-31,Other Non Operating Income Expenses,-16000000.0
BSX,2022-12-31,Special Income Charges,-386000000.0
BSX,2022-12-31,Gain On Sale Of Business,-22000000.0
BSX,2022-12-31,Other Special Charges,173000000.0
BSX,2022-12-31,Impairment Of Capital Assets,132000000.0
BSX,2022-12-31,Restructuring And Mergern Acquisition,59000000.0
BSX,2022-12-31,Gain On Sale Of Security,-32000000.0
BSX,2022-12-31,Net Non Operating Interest Income Expense,-460000000.0
BSX,2022-12-31,Interest Expense Non Operating,470000000.0
BSX,2022-12-31,Interest Income Non Operating,10000000.0
BSX,2022-12-31,Operating Income,2033000000.0
BSX,2022-12-31,Operating Expense,6693000000.0
BSX,2022-12-31,Other Operating Expenses,47000000.0
BSX,2022-12-31,Depreciation Amortization Depletion Income Statement,803000000.0
BSX,2022-12-31,Depreciation And Amortization In Income Statement,803000000.0
BSX,2022-12-31,Amortization,803000000.0
BSX,2022-12-31,Amortization Of Intangibles Income Statement,803000000.0
BSX,2022-12-31,Research And Development,1323000000.0
BSX,2022-12-31,Selling General And Administration,4520000000.0
BSX,2022-12-31,Gross Profit,8726000000.0
BSX,2022-12-31,Cost Of Revenue,3956000000.0
BSX,2022-12-31,Total Revenue,12682000000.0
BSX,2022-12-31,Operating Revenue,12682000000.0
BSX,2021-12-31,Tax Effect Of Unusual Items,-13483271.375465
BSX,2021-12-31,Tax Rate For Calcs,0.033457
BSX,2021-12-31,Normalized EBITDA,2913000000.0
BSX,2021-12-31,Total Unusual Items,-403000000.0
BSX,2021-12-31,Total Unusual Items Excluding Goodwill,-403000000.0
BSX,2021-12-31,Net Income From Continuing Operation Net Minority Interest,1041000000.0
BSX,2021-12-31,Reconciled Depreciation,1093000000.0
BSX,2021-12-31,Reconciled Cost Of Revenue,3359000000.0
BSX,2021-12-31,EBITDA,2510000000.0
BSX,2021-12-31,EBIT,1417000000.0
BSX,2021-12-31,Net Interest Income,-337000000.0
BSX,2021-12-31,Interest Expense,341000000.0
BSX,2021-12-31,Interest Income,4000000.0
BSX,2021-12-31,Normalized Income,1430516728.624535
BSX,2021-12-31,Net Income From Continuing And Discontinued Operation,1041000000.0
BSX,2021-12-31,Total Expenses,10064000000.0
BSX,2021-12-31,Total Operating Income As Reported,1199000000.0
BSX,2021-12-31,Diluted Average Shares,1433800000.0
BSX,2021-12-31,Basic Average Shares,1422300000.0
BSX,2021-12-31,Diluted EPS,0.69
BSX,2021-12-31,Basic EPS,0.69
BSX,2021-12-31,Diluted NI Availto Com Stockholders,985000000.0
BSX,2021-12-31,Net Income Common Stockholders,985000000.0
BSX,2021-12-31,Preferred Stock Dividends,55000000.0
BSX,2021-12-31,Net Income,1041000000.0
BSX,2021-12-31,Minority Interests,0.0
BSX,2021-12-31,Net Income Including Noncontrolling Interests,1041000000.0
BSX,2021-12-31,Net Income Continuous Operations,1040000000.0
BSX,2021-12-31,Tax Provision,36000000.0
BSX,2021-12-31,Pretax Income,1076000000.0
BSX,2021-12-31,Other Income Expense,-412000000.0
BSX,2021-12-31,Other Non Operating Income Expenses,-9000000.0
BSX,2021-12-31,Special Income Charges,-626000000.0
BSX,2021-12-31,Gain On Sale Of Business,78000000.0
BSX,2021-12-31,Other Special Charges,430000000.0
BSX,2021-12-31,Impairment Of Capital Assets,370000000.0
BSX,2021-12-31,Restructuring And Mergern Acquisition,-96000000.0
BSX,2021-12-31,Gain On Sale Of Security,223000000.0
BSX,2021-12-31,Net Non Operating Interest Income Expense,-337000000.0
BSX,2021-12-31,Interest Expense Non Operating,341000000.0
BSX,2021-12-31,Interest Income Non Operating,4000000.0
BSX,2021-12-31,Operating Income,1824000000.0
BSX,2021-12-31,Operating Expense,6353000000.0
BSX,2021-12-31,Other Operating Expenses,49000000.0
BSX,2021-12-31,Depreciation Amortization Depletion Income Statement,741000000.0
BSX,2021-12-31,Depreciation And Amortization In Income Statement,741000000.0
BSX,2021-12-31,Amortization,741000000.0
BSX,2021-12-31,Amortization Of Intangibles Income Statement,741000000.0
BSX,2021-12-31,Research And Development,1204000000.0
BSX,2021-12-31,Selling General And Administration,4359000000.0
BSX,2021-12-31,Gross Profit,8177000000.0
BSX,2021-12-31,Cost Of Revenue,3711000000.0
BSX,2021-12-31,Total Revenue,11888000000.0
BSX,2021-12-31,Operating Revenue,11888000000.0
BSX,2020-12-31,Tax Effect Of Unusual Items,-111240000.0
BSX,2020-12-31,Tax Rate For Calcs,0.27
BSX,2020-12-31,Normalized EBITDA,1817000000.0
BSX,2020-12-31,Total Unusual Items,-412000000.0
BSX,2020-12-31,Total Unusual Items Excluding Goodwill,-412000000.0
BSX,2020-12-31,Net Income From Continuing Operation Net Minority Interest,-82000000.0
BSX,2020-12-31,Reconciled Depreciation,1123000000.0
BSX,2020-12-31,Reconciled Cost Of Revenue,3176000000.0
BSX,2020-12-31,EBITDA,1405000000.0
BSX,2020-12-31,EBIT,282000000.0
BSX,2020-12-31,Net Interest Income,-358000000.0
BSX,2020-12-31,Interest Expense,361000000.0
BSX,2020-12-31,Interest Income,3000000.0
BSX,2020-12-31,Normalized Income,218760000.0
BSX,2020-12-31,Net Income From Continuing And Discontinued Operation,-82000000.0
BSX,2020-12-31,Total Expenses,9229000000.0
BSX,2020-12-31,Total Operating Income As Reported,-80000000.0
BSX,2020-12-31,Diluted Average Shares,1416700000.0
BSX,2020-12-31,Basic Average Shares,1416700000.0
BSX,2020-12-31,Diluted EPS,-0.12
BSX,2020-12-31,Basic EPS,-0.12
BSX,2020-12-31,Diluted NI Availto Com Stockholders,-115000000.0
BSX,2020-12-31,Net Income Common Stockholders,-115000000.0
BSX,2020-12-31,Preferred Stock Dividends,33000000.0
BSX,2020-12-31,Net Income,-82000000.0
BSX,2020-12-31,Minority Interests,N/A
BSX,2020-12-31,Net Income Including Noncontrolling Interests,-82000000.0
BSX,2020-12-31,Net Income Continuous Operations,-81000000.0
BSX,2020-12-31,Tax Provision,2000000.0
BSX,2020-12-31,Pretax Income,-79000000.0
BSX,2020-12-31,Other Income Expense,-405000000.0
BSX,2020-12-31,Other Non Operating Income Expenses,7000000.0
BSX,2020-12-31,Special Income Charges,-763000000.0
BSX,2020-12-31,Gain On Sale Of Business,0.0
BSX,2020-12-31,Other Special Charges,278000000.0
BSX,2020-12-31,Impairment Of Capital Assets,533000000.0
BSX,2020-12-31,Restructuring And Mergern Acquisition,-48000000.0
BSX,2020-12-31,Gain On Sale Of Security,351000000.0
BSX,2020-12-31,Net Non Operating Interest Income Expense,-358000000.0
BSX,2020-12-31,Interest Expense Non Operating,361000000.0
BSX,2020-12-31,Interest Income Non Operating,3000000.0
BSX,2020-12-31,Operating Income,684000000.0
BSX,2020-12-31,Operating Expense,5719000000.0
BSX,2020-12-31,Other Operating Expenses,45000000.0
BSX,2020-12-31,Depreciation Amortization Depletion Income Statement,789000000.0
BSX,2020-12-31,Depreciation And Amortization In Income Statement,789000000.0
BSX,2020-12-31,Amortization,789000000.0
BSX,2020-12-31,Amortization Of Intangibles Income Statement,789000000.0
BSX,2020-12-31,Research And Development,1143000000.0
BSX,2020-12-31,Selling General And Administration,3787000000.0
BSX,2020-12-31,Gross Profit,6403000000.0
BSX,2020-12-31,Cost Of Revenue,3510000000.0
BSX,2020-12-31,Total Revenue,9913000000.0
BSX,2020-12-31,Operating Revenue,9913000000.0
BSX,N/A,Market Cap,156019638272
BSX,N/A,PE Ratio,84.688
BSX,N/A,Dividends Paid,N/A
BSX,N/A,Operating Cash Flow,2936000000
GME,2024-01-31,Tax Effect Of Unusual Items,-1008000.0
GME,2024-01-31,Tax Rate For Calcs,0.21
GME,2024-01-31,Normalized EBITDA,31300000.0
GME,2024-01-31,Total Unusual Items,-4800000.0
GME,2024-01-31,Total Unusual Items Excluding Goodwill,-4800000.0
GME,2024-01-31,Net Income From Continuing Operation Net Minority Interest,6700000.0
GME,2024-01-31,Reconciled Depreciation,56200000.0
GME,2024-01-31,Reconciled Cost Of Revenue,3978600000.0
GME,2024-01-31,EBITDA,26500000.0
GME,2024-01-31,EBIT,-29700000.0
GME,2024-01-31,Net Interest Income,49500000.0
GME,2024-01-31,Interest Expense,N/A
GME,2024-01-31,Interest Income,49500000.0
GME,2024-01-31,Normalized Income,10492000.0
GME,2024-01-31,Net Income From Continuing And Discontinued Operation,6700000.0
GME,2024-01-31,Total Expenses,5302500000.0
GME,2024-01-31,Total Operating Income As Reported,-34500000.0
GME,2024-01-31,Diluted Average Shares,305200000.0
GME,2024-01-31,Basic Average Shares,305100000.0
GME,2024-01-31,Diluted EPS,0.02
GME,2024-01-31,Basic EPS,0.02
GME,2024-01-31,Diluted NI Availto Com Stockholders,6700000.0
GME,2024-01-31,Net Income Common Stockholders,6700000.0
GME,2024-01-31,Net Income,6700000.0
GME,2024-01-31,Net Income Including Noncontrolling Interests,6700000.0
GME,2024-01-31,Net Income Discontinuous Operations,N/A
GME,2024-01-31,Net Income Continuous Operations,6700000.0
GME,2024-01-31,Tax Provision,6400000.0
GME,2024-01-31,Pretax Income,13100000.0
GME,2024-01-31,Other Income Expense,-6700000.0
GME,2024-01-31,Other Non Operating Income Expenses,-1900000.0
GME,2024-01-31,Special Income Charges,-4800000.0
GME,2024-01-31,Gain On Sale Of Ppe,N/A
GME,2024-01-31,Write Off,4800000.0
GME,2024-01-31,Impairment Of Capital Assets,N/A
GME,2024-01-31,Net Non Operating Interest Income Expense,49500000.0
GME,2024-01-31,Total Other Finance Cost,-49500000.0
GME,2024-01-31,Interest Expense Non Operating,N/A
GME,2024-01-31,Interest Income Non Operating,49500000.0
GME,2024-01-31,Operating Income,-29700000.0
GME,2024-01-31,Operating Expense,1323900000.0
GME,2024-01-31,Selling General And Administration,1323900000.0
GME,2024-01-31,Gross Profit,1294200000.0
GME,2024-01-31,Cost Of Revenue,3978600000.0
GME,2024-01-31,Total Revenue,5272800000.0
GME,2024-01-31,Operating Revenue,5272800000.0
GME,2023-01-31,Tax Effect Of Unusual Items,-567000.0
GME,2023-01-31,Tax Rate For Calcs,0.21
GME,2023-01-31,Normalized EBITDA,-244500000.0
GME,2023-01-31,Total Unusual Items,-2700000.0
GME,2023-01-31,Total Unusual Items Excluding Goodwill,-2700000.0
GME,2023-01-31,Net Income From Continuing Operation Net Minority Interest,-313100000.0
GME,2023-01-31,Reconciled Depreciation,61700000.0
GME,2023-01-31,Reconciled Cost Of Revenue,4555100000.0
GME,2023-01-31,EBITDA,-247200000.0
GME,2023-01-31,EBIT,-308900000.0
GME,2023-01-31,Net Interest Income,9500000.0
GME,2023-01-31,Interest Expense,N/A
GME,2023-01-31,Interest Income,9500000.0
GME,2023-01-31,Normalized Income,-310967000.0
GME,2023-01-31,Net Income From Continuing And Discontinued Operation,-313100000.0
GME,2023-01-31,Total Expenses,6236100000.0
GME,2023-01-31,Total Operating Income As Reported,-311600000.0
GME,2023-01-31,Diluted Average Shares,304200000.0
GME,2023-01-31,Basic Average Shares,304200000.0
GME,2023-01-31,Diluted EPS,-1.03
GME,2023-01-31,Basic EPS,-1.03
GME,2023-01-31,Diluted NI Availto Com Stockholders,-313100000.0
GME,2023-01-31,Net Income Common Stockholders,-313100000.0
GME,2023-01-31,Net Income,-313100000.0
GME,2023-01-31,Net Income Including Noncontrolling Interests,-313100000.0
GME,2023-01-31,Net Income Discontinuous Operations,0.0
GME,2023-01-31,Net Income Continuous Operations,-313100000.0
GME,2023-01-31,Tax Provision,11000000.0
GME,2023-01-31,Pretax Income,-302100000.0
GME,2023-01-31,Other Income Expense,-2700000.0
GME,2023-01-31,Other Non Operating Income Expenses,N/A
GME,2023-01-31,Special Income Charges,-2700000.0
GME,2023-01-31,Gain On Sale Of Ppe,0.0
GME,2023-01-31,Write Off,2700000.0
GME,2023-01-31,Impairment Of Capital Assets,2700000.0
GME,2023-01-31,Net Non Operating Interest Income Expense,9500000.0
GME,2023-01-31,Total Other Finance Cost,-9500000.0
GME,2023-01-31,Interest Expense Non Operating,N/A
GME,2023-01-31,Interest Income Non Operating,9500000.0
GME,2023-01-31,Operating Income,-308900000.0
GME,2023-01-31,Operating Expense,1681000000.0
GME,2023-01-31,Selling General And Administration,1681000000.0
GME,2023-01-31,Gross Profit,1372100000.0
GME,2023-01-31,Cost Of Revenue,4555100000.0
GME,2023-01-31,Total Revenue,5927200000.0
GME,2023-01-31,Operating Revenue,5927200000.0
GME,2022-01-31,Tax Effect Of Unusual Items,-241200.0
GME,2022-01-31,Tax Rate For Calcs,0.036
GME,2022-01-31,Normalized EBITDA,-277900000.0
GME,2022-01-31,Total Unusual Items,-6700000.0
GME,2022-01-31,Total Unusual Items Excluding Goodwill,-6700000.0
GME,2022-01-31,Net Income From Continuing Operation Net Minority Interest,-381300000.0
GME,2022-01-31,Reconciled Depreciation,77200000.0
GME,2022-01-31,Reconciled Cost Of Revenue,4662900000.0
GME,2022-01-31,EBITDA,-284600000.0
GME,2022-01-31,EBIT,-361800000.0
GME,2022-01-31,Net Interest Income,-26900000.0
GME,2022-01-31,Interest Expense,26900000.0
GME,2022-01-31,Interest Income,-26900000.0
GME,2022-01-31,Normalized Income,-374841200.0
GME,2022-01-31,Net Income From Continuing And Discontinued Operation,-381300000.0
GME,2022-01-31,Total Expenses,6372500000.0
GME,2022-01-31,Total Operating Income As Reported,-368500000.0
GME,2022-01-31,Diluted Average Shares,290400000.0
GME,2022-01-31,Basic Average Shares,290400000.0
GME,2022-01-31,Diluted EPS,-1.31
GME,2022-01-31,Basic EPS,-1.31
GME,2022-01-31,Diluted NI Availto Com Stockholders,-381300000.0
GME,2022-01-31,Net Income Common Stockholders,-381300000.0
GME,2022-01-31,Net Income,-381300000.0
GME,2022-01-31,Net Income Including Noncontrolling Interests,-381300000.0
GME,2022-01-31,Net Income Discontinuous Operations,0.0
GME,2022-01-31,Net Income Continuous Operations,-381300000.0
GME,2022-01-31,Tax Provision,-14100000.0
GME,2022-01-31,Pretax Income,-395400000.0
GME,2022-01-31,Other Income Expense,-6700000.0
GME,2022-01-31,Other Non Operating Income Expenses,N/A
GME,2022-01-31,Special Income Charges,-6700000.0
GME,2022-01-31,Gain On Sale Of Ppe,0.0
GME,2022-01-31,Write Off,6700000.0
GME,2022-01-31,Impairment Of Capital Assets,6700000.0
GME,2022-01-31,Net Non Operating Interest Income Expense,-26900000.0
GME,2022-01-31,Total Other Finance Cost,26900000.0
GME,2022-01-31,Interest Expense Non Operating,26900000.0
GME,2022-01-31,Interest Income Non Operating,-26900000.0
GME,2022-01-31,Operating Income,-361800000.0
GME,2022-01-31,Operating Expense,1709600000.0
GME,2022-01-31,Selling General And Administration,1709600000.0
GME,2022-01-31,Gross Profit,1347800000.0
GME,2022-01-31,Cost Of Revenue,4662900000.0
GME,2022-01-31,Total Revenue,6010700000.0
GME,2022-01-31,Operating Revenue,6010700000.0
GME,2021-01-31,Tax Effect Of Unusual Items,3464500.0
GME,2021-01-31,Tax Rate For Calcs,0.205
GME,2021-01-31,Normalized EBITDA,-190900000.0
GME,2021-01-31,Total Unusual Items,16900000.0
GME,2021-01-31,Total Unusual Items Excluding Goodwill,16900000.0
GME,2021-01-31,Net Income From Continuing Operation Net Minority Interest,-214600000.0
GME,2021-01-31,Reconciled Depreciation,80700000.0
GME,2021-01-31,Reconciled Cost Of Revenue,3830300000.0
GME,2021-01-31,EBITDA,-174000000.0
GME,2021-01-31,EBIT,-254700000.0
GME,2021-01-31,Net Interest Income,-32100000.0
GME,2021-01-31,Interest Expense,34000000.0
GME,2021-01-31,Interest Income,-32100000.0
GME,2021-01-31,Normalized Income,-228035500.0
GME,2021-01-31,Net Income From Continuing And Discontinued Operation,-215300000.0
GME,2021-01-31,Total Expenses,5344500000.0
GME,2021-01-31,Total Operating Income As Reported,-237800000.0
GME,2021-01-31,Diluted Average Shares,260000000.0
GME,2021-01-31,Basic Average Shares,260000000.0
GME,2021-01-31,Diluted EPS,-0.8275
GME,2021-01-31,Basic EPS,-0.8275
GME,2021-01-31,Diluted NI Availto Com Stockholders,-215300000.0
GME,2021-01-31,Net Income Common Stockholders,-215300000.0
GME,2021-01-31,Net Income,-215300000.0
GME,2021-01-31,Net Income Including Noncontrolling Interests,-215300000.0
GME,2021-01-31,Net Income Discontinuous Operations,-700000.0
GME,2021-01-31,Net Income Continuous Operations,-214600000.0
GME,2021-01-31,Tax Provision,-55300000.0
GME,2021-01-31,Pretax Income,-269900000.0
GME,2021-01-31,Other Income Expense,16900000.0
GME,2021-01-31,Other Non Operating Income Expenses,N/A
GME,2021-01-31,Special Income Charges,16900000.0
GME,2021-01-31,Gain On Sale Of Ppe,32400000.0
GME,2021-01-31,Write Off,15500000.0
GME,2021-01-31,Impairment Of Capital Assets,15500000.0
GME,2021-01-31,Net Non Operating Interest Income Expense,-32100000.0
GME,2021-01-31,Total Other Finance Cost,32100000.0
GME,2021-01-31,Interest Expense Non Operating,34000000.0
GME,2021-01-31,Interest Income Non Operating,-32100000.0
GME,2021-01-31,Operating Income,-254700000.0
GME,2021-01-31,Operating Expense,1514200000.0
GME,2021-01-31,Selling General And Administration,1514200000.0
GME,2021-01-31,Gross Profit,1259500000.0
GME,2021-01-31,Cost Of Revenue,3830300000.0
GME,2021-01-31,Total Revenue,5089800000.0
GME,2021-01-31,Operating Revenue,5089800000.0
GME,N/A,Market Cap,11935591424
GME,N/A,PE Ratio,133.56749
GME,N/A,Dividends Paid,2.390000000000001
GME,N/A,Operating Cash Flow,-33100000
UNH,2023-12-31,Tax Effect Of Unusual Items,838245000.0
UNH,2023-12-31,Tax Rate For Calcs,0.205
UNH,2023-12-31,Normalized EBITDA,32241000000.0
UNH,2023-12-31,Total Unusual Items,4089000000.0
UNH,2023-12-31,Total Unusual Items Excluding Goodwill,4089000000.0
UNH,2023-12-31,Net Income From Continuing Operation Net Minority Interest,22381000000.0
UNH,2023-12-31,Reconciled Depreciation,3972000000.0
UNH,2023-12-31,Reconciled Cost Of Revenue,280664000000.0
UNH,2023-12-31,EBITDA,36330000000.0
UNH,2023-12-31,EBIT,32358000000.0
UNH,2023-12-31,Net Interest Income,-3246000000.0
UNH,2023-12-31,Interest Expense,3246000000.0
UNH,2023-12-31,Normalized Income,19130245000.0
UNH,2023-12-31,Net Income From Continuing And Discontinued Operation,22381000000.0
UNH,2023-12-31,Total Expenses,339264000000.0
UNH,2023-12-31,Total Operating Income As Reported,32358000000.0
UNH,2023-12-31,Diluted Average Shares,938000000.0
UNH,2023-12-31,Basic Average Shares,928000000.0
UNH,2023-12-31,Diluted EPS,23.86
UNH,2023-12-31,Basic EPS,24.12
UNH,2023-12-31,Diluted NI Availto Com Stockholders,22381000000.0
UNH,2023-12-31,Net Income Common Stockholders,22381000000.0
UNH,2023-12-31,Net Income,22381000000.0
UNH,2023-12-31,Minority Interests,-763000000.0
UNH,2023-12-31,Net Income Including Noncontrolling Interests,23144000000.0
UNH,2023-12-31,Net Income Continuous Operations,23144000000.0
UNH,2023-12-31,Tax Provision,5968000000.0
UNH,2023-12-31,Pretax Income,29112000000.0
UNH,2023-12-31,Other Income Expense,4089000000.0
UNH,2023-12-31,Gain On Sale Of Security,4089000000.0
UNH,2023-12-31,Net Non Operating Interest Income Expense,-3246000000.0
UNH,2023-12-31,Interest Expense Non Operating,3246000000.0
UNH,2023-12-31,Operating Income,28269000000.0
UNH,2023-12-31,Operating Expense,58600000000.0
UNH,2023-12-31,Other Operating Expenses,54628000000.0
UNH,2023-12-31,Depreciation Amortization Depletion Income Statement,3972000000.0
UNH,2023-12-31,Depreciation And Amortization In Income Statement,3972000000.0
UNH,2023-12-31,Gross Profit,86869000000.0
UNH,2023-12-31,Cost Of Revenue,280664000000.0
UNH,2023-12-31,Total Revenue,367533000000.0
UNH,2023-12-31,Operating Revenue,367533000000.0
UNH,2022-12-31,Tax Effect Of Unusual Items,440510000.0
UNH,2022-12-31,Tax Rate For Calcs,0.217
UNH,2022-12-31,Normalized EBITDA,29805000000.0
UNH,2022-12-31,Total Unusual Items,2030000000.0
UNH,2022-12-31,Total Unusual Items Excluding Goodwill,2030000000.0
UNH,2022-12-31,Net Income From Continuing Operation Net Minority Interest,20120000000.0
UNH,2022-12-31,Reconciled Depreciation,3400000000.0
UNH,2022-12-31,Reconciled Cost Of Revenue,244545000000.0
UNH,2022-12-31,EBITDA,31835000000.0
UNH,2022-12-31,EBIT,28435000000.0
UNH,2022-12-31,Net Interest Income,-2092000000.0
UNH,2022-12-31,Interest Expense,2092000000.0
UNH,2022-12-31,Normalized Income,18530510000.0
UNH,2022-12-31,Net Income From Continuing And Discontinued Operation,20120000000.0
UNH,2022-12-31,Total Expenses,295727000000.0
UNH,2022-12-31,Total Operating Income As Reported,28435000000.0
UNH,2022-12-31,Diluted Average Shares,950000000.0
UNH,2022-12-31,Basic Average Shares,934000000.0
UNH,2022-12-31,Diluted EPS,21.18
UNH,2022-12-31,Basic EPS,21.541756
UNH,2022-12-31,Diluted NI Availto Com Stockholders,20120000000.0
UNH,2022-12-31,Net Income Common Stockholders,20120000000.0
UNH,2022-12-31,Net Income,20120000000.0
UNH,2022-12-31,Minority Interests,-519000000.0
UNH,2022-12-31,Net Income Including Noncontrolling Interests,20639000000.0
UNH,2022-12-31,Net Income Continuous Operations,20639000000.0
UNH,2022-12-31,Tax Provision,5704000000.0
UNH,2022-12-31,Pretax Income,26343000000.0
UNH,2022-12-31,Other Income Expense,2030000000.0
UNH,2022-12-31,Gain On Sale Of Security,2030000000.0
UNH,2022-12-31,Net Non Operating Interest Income Expense,-2092000000.0
UNH,2022-12-31,Interest Expense Non Operating,2092000000.0
UNH,2022-12-31,Operating Income,26405000000.0
UNH,2022-12-31,Operating Expense,51182000000.0
UNH,2022-12-31,Other Operating Expenses,47782000000.0
UNH,2022-12-31,Depreciation Amortization Depletion Income Statement,3400000000.0
UNH,2022-12-31,Depreciation And Amortization In Income Statement,3400000000.0
UNH,2022-12-31,Gross Profit,77587000000.0
UNH,2022-12-31,Cost Of Revenue,244545000000.0
UNH,2022-12-31,Total Revenue,322132000000.0
UNH,2022-12-31,Operating Revenue,322132000000.0
UNH,2021-12-31,Tax Effect Of Unusual Items,476420000.0
UNH,2021-12-31,Tax Rate For Calcs,0.205
UNH,2021-12-31,Normalized EBITDA,24749000000.0
UNH,2021-12-31,Total Unusual Items,2324000000.0
UNH,2021-12-31,Total Unusual Items Excluding Goodwill,2324000000.0
UNH,2021-12-31,Net Income From Continuing Operation Net Minority Interest,17285000000.0
UNH,2021-12-31,Reconciled Depreciation,3103000000.0
UNH,2021-12-31,Reconciled Cost Of Revenue,217945000000.0
UNH,2021-12-31,EBITDA,27073000000.0
UNH,2021-12-31,EBIT,23970000000.0
UNH,2021-12-31,Net Interest Income,-1660000000.0
UNH,2021-12-31,Interest Expense,1660000000.0
UNH,2021-12-31,Normalized Income,15437420000.0
UNH,2021-12-31,Net Income From Continuing And Discontinued Operation,17285000000.0
UNH,2021-12-31,Total Expenses,263627000000.0
UNH,2021-12-31,Total Operating Income As Reported,23970000000.0
UNH,2021-12-31,Diluted Average Shares,956000000.0
UNH,2021-12-31,Basic Average Shares,943000000.0
UNH,2021-12-31,Diluted EPS,18.08
UNH,2021-12-31,Basic EPS,18.33
UNH,2021-12-31,Diluted NI Availto Com Stockholders,17285000000.0
UNH,2021-12-31,Net Income Common Stockholders,17285000000.0
UNH,2021-12-31,Net Income,17285000000.0
UNH,2021-12-31,Minority Interests,-447000000.0
UNH,2021-12-31,Net Income Including Noncontrolling Interests,17732000000.0
UNH,2021-12-31,Net Income Continuous Operations,17732000000.0
UNH,2021-12-31,Tax Provision,4578000000.0
UNH,2021-12-31,Pretax Income,22310000000.0
UNH,2021-12-31,Other Income Expense,2324000000.0
UNH,2021-12-31,Gain On Sale Of Security,2324000000.0
UNH,2021-12-31,Net Non Operating Interest Income Expense,-1660000000.0
UNH,2021-12-31,Interest Expense Non Operating,1660000000.0
UNH,2021-12-31,Operating Income,21646000000.0
UNH,2021-12-31,Operating Expense,45682000000.0
UNH,2021-12-31,Other Operating Expenses,42579000000.0
UNH,2021-12-31,Depreciation Amortization Depletion Income Statement,3103000000.0
UNH,2021-12-31,Depreciation And Amortization In Income Statement,3103000000.0
UNH,2021-12-31,Gross Profit,67328000000.0
UNH,2021-12-31,Cost Of Revenue,217945000000.0
UNH,2021-12-31,Total Revenue,285273000000.0
UNH,2021-12-31,Operating Revenue,285273000000.0
UNH,2020-12-31,Tax Effect Of Unusual Items,360480000.0
UNH,2020-12-31,Tax Rate For Calcs,0.24
UNH,2020-12-31,Normalized EBITDA,23794000000.0
UNH,2020-12-31,Total Unusual Items,1502000000.0
UNH,2020-12-31,Total Unusual Items Excluding Goodwill,1502000000.0
UNH,2020-12-31,Net Income From Continuing Operation Net Minority Interest,15403000000.0
UNH,2020-12-31,Reconciled Depreciation,2891000000.0
UNH,2020-12-31,Reconciled Cost Of Revenue,190141000000.0
UNH,2020-12-31,EBITDA,25296000000.0
UNH,2020-12-31,EBIT,22405000000.0
UNH,2020-12-31,Net Interest Income,-1663000000.0
UNH,2020-12-31,Interest Expense,1663000000.0
UNH,2020-12-31,Normalized Income,14261480000.0
UNH,2020-12-31,Net Income From Continuing And Discontinued Operation,15403000000.0
UNH,2020-12-31,Total Expenses,234736000000.0
UNH,2020-12-31,Total Operating Income As Reported,22405000000.0
UNH,2020-12-31,Diluted Average Shares,961000000.0
UNH,2020-12-31,Basic Average Shares,946000000.0
UNH,2020-12-31,Diluted EPS,16.03
UNH,2020-12-31,Basic EPS,16.282241
UNH,2020-12-31,Diluted NI Availto Com Stockholders,15403000000.0
UNH,2020-12-31,Net Income Common Stockholders,15403000000.0
UNH,2020-12-31,Net Income,15403000000.0
UNH,2020-12-31,Minority Interests,-366000000.0
UNH,2020-12-31,Net Income Including Noncontrolling Interests,15769000000.0
UNH,2020-12-31,Net Income Continuous Operations,15769000000.0
UNH,2020-12-31,Tax Provision,4973000000.0
UNH,2020-12-31,Pretax Income,20742000000.0
UNH,2020-12-31,Other Income Expense,1502000000.0
UNH,2020-12-31,Gain On Sale Of Security,1502000000.0
UNH,2020-12-31,Net Non Operating Interest Income Expense,-1663000000.0
UNH,2020-12-31,Interest Expense Non Operating,1663000000.0
UNH,2020-12-31,Operating Income,20903000000.0
UNH,2020-12-31,Operating Expense,44595000000.0
UNH,2020-12-31,Other Operating Expenses,41704000000.0
UNH,2020-12-31,Depreciation Amortization Depletion Income Statement,2891000000.0
UNH,2020-12-31,Depreciation And Amortization In Income Statement,2891000000.0
UNH,2020-12-31,Gross Profit,65498000000.0
UNH,2020-12-31,Cost Of Revenue,190141000000.0
UNH,2020-12-31,Total Revenue,255639000000.0
UNH,2020-12-31,Operating Revenue,255639000000.0
UNH,N/A,Market Cap,491358027776
UNH,N/A,PE Ratio,34.490955
UNH,N/A,Dividends Paid,51.488063999999994
UNH,N/A,Operating Cash Flow,16641999872
ASTS,2023-12-31,Tax Effect Of Unusual Items,89860.0
ASTS,2023-12-31,Tax Rate For Calcs,0.01
ASTS,2023-12-31,Normalized EBITDA,-176884000.0
ASTS,2023-12-31,Total Unusual Items,8986000.0
ASTS,2023-12-31,Total Unusual Items Excluding Goodwill,8986000.0
ASTS,2023-12-31,Net Income From Continuing Operation Net Minority Interest,-87561000.0
ASTS,2023-12-31,Reconciled Depreciation,54469000.0
ASTS,2023-12-31,Reconciled Cost Of Revenue,0.0
ASTS,2023-12-31,EBITDA,-167898000.0
ASTS,2023-12-31,EBIT,-222367000.0
ASTS,2023-12-31,Net Interest Income,2675000.0
ASTS,2023-12-31,Interest Income,2675000.0
ASTS,2023-12-31,Normalized Income,-96457140.0
ASTS,2023-12-31,Net Income From Continuing And Discontinued Operation,-87561000.0
ASTS,2023-12-31,Total Expenses,222367000.0
ASTS,2023-12-31,Diluted Average Shares,81824122.0
ASTS,2023-12-31,Basic Average Shares,81824122.0
ASTS,2023-12-31,Diluted EPS,-1.07
ASTS,2023-12-31,Basic EPS,-1.07
ASTS,2023-12-31,Diluted NI Availto Com Stockholders,-87561000.0
ASTS,2023-12-31,Net Income Common Stockholders,-87561000.0
ASTS,2023-12-31,Net Income,-87561000.0
ASTS,2023-12-31,Minority Interests,135116000.0
ASTS,2023-12-31,Net Income Including Noncontrolling Interests,-222677000.0
ASTS,2023-12-31,Net Income Continuous Operations,-222677000.0
ASTS,2023-12-31,Tax Provision,1681000.0
ASTS,2023-12-31,Pretax Income,-220996000.0
ASTS,2023-12-31,Other Income Expense,-1304000.0
ASTS,2023-12-31,Other Non Operating Income Expenses,-10290000.0
ASTS,2023-12-31,Gain On Sale Of Security,8986000.0
ASTS,2023-12-31,Net Non Operating Interest Income Expense,2675000.0
ASTS,2023-12-31,Interest Income Non Operating,2675000.0
ASTS,2023-12-31,Operating Income,-222367000.0
ASTS,2023-12-31,Operating Expense,222367000.0
ASTS,2023-12-31,Other Operating Expenses,N/A
ASTS,2023-12-31,Depreciation Amortization Depletion Income Statement,54469000.0
ASTS,2023-12-31,Depreciation And Amortization In Income Statement,54469000.0
ASTS,2023-12-31,Research And Development,126297000.0
ASTS,2023-12-31,Selling General And Administration,41601000.0
ASTS,2023-12-31,General And Administrative Expense,41601000.0
ASTS,2023-12-31,Other Gand A,41601000.0
ASTS,2023-12-31,Gross Profit,0.0
ASTS,2023-12-31,Cost Of Revenue,0.0
ASTS,2023-12-31,Total Revenue,0.0
ASTS,2023-12-31,Operating Revenue,0.0
ASTS,2022-12-31,Tax Effect Of Unusual Items,191140.0
ASTS,2022-12-31,Tax Rate For Calcs,0.01
ASTS,2022-12-31,Normalized EBITDA,-160167000.0
ASTS,2022-12-31,Total Unusual Items,19114000.0
ASTS,2022-12-31,Total Unusual Items Excluding Goodwill,19114000.0
ASTS,2022-12-31,Net Income From Continuing Operation Net Minority Interest,-31640000.0
ASTS,2022-12-31,Reconciled Depreciation,4711000.0
ASTS,2022-12-31,Reconciled Cost Of Revenue,6714000.0
ASTS,2022-12-31,EBITDA,-141053000.0
ASTS,2022-12-31,EBIT,-145764000.0
ASTS,2022-12-31,Net Interest Income,2633000.0
ASTS,2022-12-31,Interest Income,2633000.0
ASTS,2022-12-31,Normalized Income,-50562860.0
ASTS,2022-12-31,Net Income From Continuing And Discontinued Operation,-31640000.0
ASTS,2022-12-31,Total Expenses,159589000.0
ASTS,2022-12-31,Diluted Average Shares,54437073.0
ASTS,2022-12-31,Basic Average Shares,54437073.0
ASTS,2022-12-31,Diluted EPS,-0.58
ASTS,2022-12-31,Basic EPS,-0.58
ASTS,2022-12-31,Diluted NI Availto Com Stockholders,-31640000.0
ASTS,2022-12-31,Net Income Common Stockholders,-31640000.0
ASTS,2022-12-31,Net Income,-31640000.0
ASTS,2022-12-31,Minority Interests,71473000.0
ASTS,2022-12-31,Net Income Including Noncontrolling Interests,-103113000.0
ASTS,2022-12-31,Net Income Continuous Operations,-103113000.0
ASTS,2022-12-31,Tax Provision,617000.0
ASTS,2022-12-31,Pretax Income,-102496000.0
ASTS,2022-12-31,Other Income Expense,40635000.0
ASTS,2022-12-31,Other Non Operating Income Expenses,21521000.0
ASTS,2022-12-31,Gain On Sale Of Security,19114000.0
ASTS,2022-12-31,Net Non Operating Interest Income Expense,2633000.0
ASTS,2022-12-31,Interest Income Non Operating,2633000.0
ASTS,2022-12-31,Operating Income,-145764000.0
ASTS,2022-12-31,Operating Expense,152875000.0
ASTS,2022-12-31,Other Operating Expenses,N/A
ASTS,2022-12-31,Depreciation Amortization Depletion Income Statement,4711000.0
ASTS,2022-12-31,Depreciation And Amortization In Income Statement,4711000.0
ASTS,2022-12-31,Research And Development,99832000.0
ASTS,2022-12-31,Selling General And Administration,48332000.0
ASTS,2022-12-31,General And Administrative Expense,48332000.0
ASTS,2022-12-31,Other Gand A,48332000.0
ASTS,2022-12-31,Gross Profit,7111000.0
ASTS,2022-12-31,Cost Of Revenue,6714000.0
ASTS,2022-12-31,Total Revenue,13825000.0
ASTS,2022-12-31,Operating Revenue,13825000.0
ASTS,2021-12-31,Tax Effect Of Unusual Items,0.0
ASTS,2021-12-31,Tax Rate For Calcs,0.0
ASTS,2021-12-31,Normalized EBITDA,-99599000.0
ASTS,2021-12-31,Total Unusual Items,15766000.0
ASTS,2021-12-31,Total Unusual Items Excluding Goodwill,15766000.0
ASTS,2021-12-31,Net Income From Continuing Operation Net Minority Interest,-18973000.0
ASTS,2021-12-31,Reconciled Depreciation,2913000.0
ASTS,2021-12-31,Reconciled Cost Of Revenue,7563000.0
ASTS,2021-12-31,EBITDA,-83833000.0
ASTS,2021-12-31,EBIT,-86746000.0
ASTS,2021-12-31,Net Interest Income,N/A
ASTS,2021-12-31,Interest Income,N/A
ASTS,2021-12-31,Normalized Income,-34739000.0
ASTS,2021-12-31,Net Income From Continuing And Discontinued Operation,-18973000.0
ASTS,2021-12-31,Total Expenses,99151000.0
ASTS,2021-12-31,Diluted Average Shares,51730904.0
ASTS,2021-12-31,Basic Average Shares,51730904.0
ASTS,2021-12-31,Diluted EPS,-0.590614
ASTS,2021-12-31,Basic EPS,-0.590614
ASTS,2021-12-31,Diluted NI Availto Com Stockholders,-18973000.0
ASTS,2021-12-31,Net Income Common Stockholders,-18973000.0
ASTS,2021-12-31,Net Income,-18973000.0
ASTS,2021-12-31,Minority Interests,54288000.0
ASTS,2021-12-31,Net Income Including Noncontrolling Interests,-73261000.0
ASTS,2021-12-31,Net Income Continuous Operations,-73261000.0
ASTS,2021-12-31,Tax Provision,331000.0
ASTS,2021-12-31,Pretax Income,-72930000.0
ASTS,2021-12-31,Other Income Expense,13816000.0
ASTS,2021-12-31,Other Non Operating Income Expenses,-1950000.0
ASTS,2021-12-31,Gain On Sale Of Security,15766000.0
ASTS,2021-12-31,Net Non Operating Interest Income Expense,N/A
ASTS,2021-12-31,Interest Income Non Operating,N/A
ASTS,2021-12-31,Operating Income,-86746000.0
ASTS,2021-12-31,Operating Expense,91588000.0
ASTS,2021-12-31,Other Operating Expenses,29599000.0
ASTS,2021-12-31,Depreciation Amortization Depletion Income Statement,2913000.0
ASTS,2021-12-31,Depreciation And Amortization In Income Statement,2913000.0
ASTS,2021-12-31,Research And Development,53039000.0
ASTS,2021-12-31,Selling General And Administration,35636000.0
ASTS,2021-12-31,General And Administrative Expense,35636000.0
ASTS,2021-12-31,Other Gand A,35636000.0
ASTS,2021-12-31,Gross Profit,4842000.0
ASTS,2021-12-31,Cost Of Revenue,7563000.0
ASTS,2021-12-31,Total Revenue,12405000.0
ASTS,2021-12-31,Operating Revenue,12405000.0
ASTS,2020-12-31,Tax Effect Of Unusual Items,0.0
ASTS,2020-12-31,Tax Rate For Calcs,0.27
ASTS,2020-12-31,Normalized EBITDA,-23470000.0
ASTS,2020-12-31,Total Unusual Items,N/A
ASTS,2020-12-31,Total Unusual Items Excluding Goodwill,N/A
ASTS,2020-12-31,Net Income From Continuing Operation Net Minority Interest,-24061000.0
ASTS,2020-12-31,Reconciled Depreciation,887000.0
ASTS,2020-12-31,Reconciled Cost Of Revenue,3025000.0
ASTS,2020-12-31,EBITDA,-23470000.0
ASTS,2020-12-31,EBIT,-24357000.0
ASTS,2020-12-31,Net Interest Income,N/A
ASTS,2020-12-31,Interest Income,N/A
ASTS,2020-12-31,Normalized Income,-24061000.0
ASTS,2020-12-31,Net Income From Continuing And Discontinued Operation,-24061000.0
ASTS,2020-12-31,Total Expenses,30324000.0
ASTS,2020-12-31,Diluted Average Shares,51729704.0
ASTS,2020-12-31,Basic Average Shares,51729704.0
ASTS,2020-12-31,Diluted EPS,-0.625385
ASTS,2020-12-31,Basic EPS,-0.625385
ASTS,2020-12-31,Diluted NI Availto Com Stockholders,-24061000.0
ASTS,2020-12-31,Net Income Common Stockholders,-24061000.0
ASTS,2020-12-31,Net Income,-24061000.0
ASTS,2020-12-31,Minority Interests,344000.0
ASTS,2020-12-31,Net Income Including Noncontrolling Interests,-24405000.0
ASTS,2020-12-31,Net Income Continuous Operations,-24405000.0
ASTS,2020-12-31,Tax Provision,131000.0
ASTS,2020-12-31,Pretax Income,-24274000.0
ASTS,2020-12-31,Other Income Expense,83000.0
ASTS,2020-12-31,Other Non Operating Income Expenses,83000.0
ASTS,2020-12-31,Gain On Sale Of Security,N/A
ASTS,2020-12-31,Net Non Operating Interest Income Expense,N/A
ASTS,2020-12-31,Interest Income Non Operating,N/A
ASTS,2020-12-31,Operating Income,-24357000.0
ASTS,2020-12-31,Operating Expense,27299000.0
ASTS,2020-12-31,Other Operating Expenses,13081000.0
ASTS,2020-12-31,Depreciation Amortization Depletion Income Statement,887000.0
ASTS,2020-12-31,Depreciation And Amortization In Income Statement,887000.0
ASTS,2020-12-31,Research And Development,14092000.0
ASTS,2020-12-31,Selling General And Administration,12320000.0
ASTS,2020-12-31,General And Administrative Expense,12320000.0
ASTS,2020-12-31,Other Gand A,12320000.0
ASTS,2020-12-31,Gross Profit,2942000.0
ASTS,2020-12-31,Cost Of Revenue,3025000.0
ASTS,2020-12-31,Total Revenue,5967000.0
ASTS,2020-12-31,Operating Revenue,5967000.0
ASTS,N/A,Market Cap,8228474368
ASTS,N/A,PE Ratio,N/A
ASTS,N/A,Dividends Paid,N/A
ASTS,N/A,Operating Cash Flow,-125227000
D,2023-12-31,Tax Effect Of Unusual Items,-58800000.0
D,2023-12-31,Tax Rate For Calcs,0.21
D,2023-12-31,Normalized EBITDA,7102000000.0
D,2023-12-31,Total Unusual Items,-280000000.0
D,2023-12-31,Total Unusual Items Excluding Goodwill,-280000000.0
D,2023-12-31,Net Income From Continuing Operation Net Minority Interest,2157000000.0
D,2023-12-31,Reconciled Depreciation,3128000000.0
D,2023-12-31,Reconciled Cost Of Revenue,6887000000.0
D,2023-12-31,EBITDA,6822000000.0
D,2023-12-31,EBIT,3694000000.0
D,2023-12-31,Net Interest Income,-1674000000.0
D,2023-12-31,Interest Expense,N/A
D,2023-12-31,Normalized Income,2378200000.0
D,2023-12-31,Net Income From Continuing And Discontinued Operation,1994000000.0
D,2023-12-31,Total Expenses,10699000000.0
D,2023-12-31,Total Operating Income As Reported,3414000000.0
D,2023-12-31,Diluted Average Shares,838000000.0
D,2023-12-31,Basic Average Shares,838000000.0
D,2023-12-31,Diluted EPS,2.29
D,2023-12-31,Basic EPS,2.379475
D,2023-12-31,Diluted NI Availto Com Stockholders,1913000000.0
D,2023-12-31,Average Dilution Earnings,0.0
D,2023-12-31,Net Income Common Stockholders,1913000000.0
D,2023-12-31,Preferred Stock Dividends,81000000.0
D,2023-12-31,Net Income,1994000000.0
D,2023-12-31,Minority Interests,0.0
D,2023-12-31,Net Income Including Noncontrolling Interests,1994000000.0
D,2023-12-31,Net Income Discontinuous Operations,-163000000.0
D,2023-12-31,Net Income Continuous Operations,2157000000.0
D,2023-12-31,Tax Provision,575000000.0
D,2023-12-31,Pretax Income,2732000000.0
D,2023-12-31,Other Income Expense,712000000.0
D,2023-12-31,Other Non Operating Income Expenses,992000000.0
D,2023-12-31,Special Income Charges,-280000000.0
D,2023-12-31,Gain On Sale Of Ppe,27000000.0
D,2023-12-31,Write Off,N/A
D,2023-12-31,Impairment Of Capital Assets,307000000.0
D,2023-12-31,Earnings From Equity Interest,N/A
D,2023-12-31,Net Non Operating Interest Income Expense,-1674000000.0
D,2023-12-31,Total Other Finance Cost,1674000000.0
D,2023-12-31,Interest Expense Non Operating,N/A
D,2023-12-31,Operating Income,3694000000.0
D,2023-12-31,Operating Expense,3264000000.0
D,2023-12-31,Other Taxes,684000000.0
D,2023-12-31,Depreciation Amortization Depletion Income Statement,2580000000.0
D,2023-12-31,Depreciation And Amortization In Income Statement,2580000000.0
D,2023-12-31,Gross Profit,6958000000.0
D,2023-12-31,Cost Of Revenue,7435000000.0
D,2023-12-31,Total Revenue,14393000000.0
D,2023-12-31,Operating Revenue,13487000000.0
D,2022-12-31,Tax Effect Of Unusual Items,-381843000.0
D,2022-12-31,Tax Rate For Calcs,0.209
D,2022-12-31,Normalized EBITDA,8200000000.0
D,2022-12-31,Total Unusual Items,-1827000000.0
D,2022-12-31,Total Unusual Items Excluding Goodwill,-1827000000.0
D,2022-12-31,Net Income From Continuing Operation Net Minority Interest,427000000.0
D,2022-12-31,Reconciled Depreciation,3113000000.0
D,2022-12-31,Reconciled Cost Of Revenue,6890000000.0
D,2022-12-31,EBITDA,6373000000.0
D,2022-12-31,EBIT,3260000000.0
D,2022-12-31,Net Interest Income,-1002000000.0
D,2022-12-31,Interest Expense,N/A
D,2022-12-31,Normalized Income,1872157000.0
D,2022-12-31,Net Income From Continuing And Discontinued Operation,1321000000.0
D,2022-12-31,Total Expenses,10678000000.0
D,2022-12-31,Total Operating Income As Reported,1433000000.0
D,2022-12-31,Diluted Average Shares,835000000.0
D,2022-12-31,Basic Average Shares,835000000.0
D,2022-12-31,Diluted EPS,1.09
D,2022-12-31,Basic EPS,1.190419
D,2022-12-31,Diluted NI Availto Com Stockholders,1228000000.0
D,2022-12-31,Average Dilution Earnings,0.0
D,2022-12-31,Net Income Common Stockholders,1228000000.0
D,2022-12-31,Preferred Stock Dividends,93000000.0
D,2022-12-31,Net Income,1321000000.0
D,2022-12-31,Minority Interests,0.0
D,2022-12-31,Net Income Including Noncontrolling Interests,1321000000.0
D,2022-12-31,Net Income Discontinuous Operations,894000000.0
D,2022-12-31,Net Income Continuous Operations,427000000.0
D,2022-12-31,Tax Provision,113000000.0
D,2022-12-31,Pretax Income,540000000.0
D,2022-12-31,Other Income Expense,-1718000000.0
D,2022-12-31,Other Non Operating Income Expenses,109000000.0
D,2022-12-31,Special Income Charges,-1827000000.0
D,2022-12-31,Gain On Sale Of Ppe,-426000000.0
D,2022-12-31,Write Off,2063000000.0
D,2022-12-31,Impairment Of Capital Assets,1401000000.0
D,2022-12-31,Earnings From Equity Interest,299000000.0
D,2022-12-31,Net Non Operating Interest Income Expense,-1002000000.0
D,2022-12-31,Total Other Finance Cost,1002000000.0
D,2022-12-31,Interest Expense Non Operating,N/A
D,2022-12-31,Operating Income,3260000000.0
D,2022-12-31,Operating Expense,3117000000.0
D,2022-12-31,Other Taxes,675000000.0
D,2022-12-31,Depreciation Amortization Depletion Income Statement,2442000000.0
D,2022-12-31,Depreciation And Amortization In Income Statement,2442000000.0
D,2022-12-31,Gross Profit,6377000000.0
D,2022-12-31,Cost Of Revenue,7561000000.0
D,2022-12-31,Total Revenue,13938000000.0
D,2022-12-31,Operating Revenue,14552000000.0
D,2021-12-31,Tax Effect Of Unusual Items,-164430000.0
D,2021-12-31,Tax Rate For Calcs,0.27
D,2021-12-31,Normalized EBITDA,5995000000.0
D,2021-12-31,Total Unusual Items,-609000000.0
D,2021-12-31,Total Unusual Items Excluding Goodwill,-609000000.0
D,2021-12-31,Net Income From Continuing Operation Net Minority Interest,2041000000.0
D,2021-12-31,Reconciled Depreciation,2781000000.0
D,2021-12-31,Reconciled Cost Of Revenue,5343000000.0
D,2021-12-31,EBITDA,5386000000.0
D,2021-12-31,EBIT,2605000000.0
D,2021-12-31,Net Interest Income,-1255000000.0
D,2021-12-31,Interest Expense,1354000000.0
D,2021-12-31,Normalized Income,2485570000.0
D,2021-12-31,Net Income From Continuing And Discontinued Operation,3399000000.0
D,2021-12-31,Total Expenses,8814000000.0
D,2021-12-31,Total Operating Income As Reported,1996000000.0
D,2021-12-31,Diluted Average Shares,810000000.0
D,2021-12-31,Basic Average Shares,810000000.0
D,2021-12-31,Diluted EPS,3.98
D,2021-12-31,Basic EPS,4.059259
D,2021-12-31,Diluted NI Availto Com Stockholders,3331000000.0
D,2021-12-31,Average Dilution Earnings,0.0
D,2021-12-31,Net Income Common Stockholders,3331000000.0
D,2021-12-31,Preferred Stock Dividends,68000000.0
D,2021-12-31,Net Income,3399000000.0
D,2021-12-31,Minority Interests,-20000000.0
D,2021-12-31,Net Income Including Noncontrolling Interests,3419000000.0
D,2021-12-31,Net Income Discontinuous Operations,1358000000.0
D,2021-12-31,Net Income Continuous Operations,2061000000.0
D,2021-12-31,Tax Provision,-181000000.0
D,2021-12-31,Pretax Income,1880000000.0
D,2021-12-31,Other Income Expense,530000000.0
D,2021-12-31,Other Non Operating Income Expenses,1139000000.0
D,2021-12-31,Special Income Charges,-609000000.0
D,2021-12-31,Gain On Sale Of Ppe,-415000000.0
D,2021-12-31,Write Off,195000000.0
D,2021-12-31,Impairment Of Capital Assets,194000000.0
D,2021-12-31,Earnings From Equity Interest,276000000.0
D,2021-12-31,Net Non Operating Interest Income Expense,-1255000000.0
D,2021-12-31,Total Other Finance Cost,1255000000.0
D,2021-12-31,Interest Expense Non Operating,1354000000.0
D,2021-12-31,Operating Income,2605000000.0
D,2021-12-31,Operating Expense,2807000000.0
D,2021-12-31,Other Taxes,690000000.0
D,2021-12-31,Depreciation Amortization Depletion Income Statement,2117000000.0
D,2021-12-31,Depreciation And Amortization In Income Statement,2117000000.0
D,2021-12-31,Gross Profit,5412000000.0
D,2021-12-31,Cost Of Revenue,6007000000.0
D,2021-12-31,Total Revenue,11419000000.0
D,2021-12-31,Operating Revenue,11661000000.0
D,2020-12-31,Tax Effect Of Unusual Items,-120235294.117647
D,2020-12-31,Tax Rate For Calcs,0.058824
D,2020-12-31,Normalized EBITDA,8979000000.0
D,2020-12-31,Total Unusual Items,-2044000000.0
D,2020-12-31,Total Unusual Items Excluding Goodwill,-2044000000.0
D,2020-12-31,Net Income From Continuing Operation Net Minority Interest,1477000000.0
D,2020-12-31,Reconciled Depreciation,2836000000.0
D,2020-12-31,Reconciled Cost Of Revenue,6366000000.0
D,2020-12-31,EBITDA,6935000000.0
D,2020-12-31,EBIT,4099000000.0
D,2020-12-31,Net Interest Income,-1377000000.0
D,2020-12-31,Interest Expense,1377000000.0
D,2020-12-31,Normalized Income,3400764705.882353
D,2020-12-31,Net Income From Continuing And Discontinued Operation,-401000000.0
D,2020-12-31,Total Expenses,10073000000.0
D,2020-12-31,Total Operating Income As Reported,2055000000.0
D,2020-12-31,Diluted Average Shares,831000000.0
D,2020-12-31,Basic Average Shares,806000000.0
D,2020-12-31,Diluted EPS,-0.57
D,2020-12-31,Basic EPS,-0.497519
D,2020-12-31,Diluted NI Availto Com Stockholders,-477000000.0
D,2020-12-31,Average Dilution Earnings,-11000000.0
D,2020-12-31,Net Income Common Stockholders,-466000000.0
D,2020-12-31,Preferred Stock Dividends,65000000.0
D,2020-12-31,Net Income,-401000000.0
D,2020-12-31,Minority Interests,149000000.0
D,2020-12-31,Net Income Including Noncontrolling Interests,-550000000.0
D,2020-12-31,Net Income Discontinuous Operations,-1878000000.0
D,2020-12-31,Net Income Continuous Operations,1328000000.0
D,2020-12-31,Tax Provision,83000000.0
D,2020-12-31,Pretax Income,1411000000.0
D,2020-12-31,Other Income Expense,-1311000000.0
D,2020-12-31,Other Non Operating Income Expenses,693000000.0
D,2020-12-31,Special Income Charges,-2044000000.0
D,2020-12-31,Gain On Sale Of Ppe,61000000.0
D,2020-12-31,Write Off,2105000000.0
D,2020-12-31,Impairment Of Capital Assets,2105000000.0
D,2020-12-31,Earnings From Equity Interest,40000000.0
D,2020-12-31,Net Non Operating Interest Income Expense,-1377000000.0
D,2020-12-31,Total Other Finance Cost,1377000000.0
D,2020-12-31,Interest Expense Non Operating,1377000000.0
D,2020-12-31,Operating Income,4099000000.0
D,2020-12-31,Operating Expense,3203000000.0
D,2020-12-31,Other Taxes,871000000.0
D,2020-12-31,Depreciation Amortization Depletion Income Statement,2332000000.0
D,2020-12-31,Depreciation And Amortization In Income Statement,N/A
D,2020-12-31,Gross Profit,7302000000.0
D,2020-12-31,Cost Of Revenue,6870000000.0
D,2020-12-31,Total Revenue,14172000000.0
D,2020-12-31,Operating Revenue,13752000000.0
D,N/A,Market Cap,46796955648
D,N/A,PE Ratio,20.557196
D,N/A,Dividends Paid,71.41534300000001
D,N/A,Operating Cash Flow,5762999808
